year,month,date,Season,dataSeason,company,track,volume_origin,volume_desc,volume,origin_round,round
2014,Jul,Jul-14,Q3,2014 Q3,“鹦鹉螺”云教室,SaaS & Informatization,2000,2000,2000,A,A
2018,Feb,Feb-18,Q1,2018 Q1,100课堂,Language Learning,0,0,800,Seed/Angel,Seed/Angel
2014,Jul,Jul-14,Q3,2014 Q3,17zuoye,K12,13000,13000,13000,C,C
2015,Jan,Jan-15,Q1,2015 Q1,17zuoye,K12,63700,63700,63700,D,D
2018,Mar,Mar-18,Q1,2018 Q1,17zuoye,K12,162500,162500,162500,E,E
2015,Jul,Jul-15,Q3,2015 Q3,2平米智慧学习桌,Others,20,20,20,Seed/Angel,Seed/Angel
2018,Jan,Jan-18,Q1,2018 Q1,34learning,Vocational Edu.,200,200,200,Pre-A,Pre-A
2015,Apr,Apr-15,Q2,2015 Q2,360教育集团,Study Abroad Services,5000,5000,5000,A,A
2014,Apr,Apr-14,Q2,2014 Q2,365好老师,K12,200,200,200,Seed/Angel,Seed/Angel
2017,Dec,Dec-17,Q4,2017 Q4,3E口语,Language Learning,1000,1000,1000,Seed/Angel,Seed/Angel
2016,Oct,Oct-16,Q4,2016 Q4,51CTO,Vocational Edu.,10000,10000,10000,B,B
2014,Jul,Jul-14,Q3,2014 Q3,51talk,Language Learning,18330,18330,18330,C,C
2015,Aug,Aug-15,Q3,2015 Q3,51talk,Language Learning,13000,13000,13000,D,D
2018,Jun,Jun-18,Q2,2018 Q2,51选校网,K12,0,0,6000,Undiscloused,Undiscloused
2016,Aug,Aug-16,Q3,2016 Q3,8只小猪,Study Abroad Services,1000,1000,1000,Pre-A,Pre-A
2015,Jul,Jul-15,Q3,2015 Q3,91外教,Language Learning,0,0,800,Seed/Angel,Seed/Angel
2015,Oct,Oct-15,Q4,2015 Q4,A+课堂,Higher Edu.,200,200,200,Seed/Angel,Seed/Angel
2014,Apr,Apr-14,Q2,2014 Q2,ABC360,Language Learning,800,800,800,Seed/Angel,Seed/Angel
2014,Oct,Oct-14,Q4,2014 Q4,ABC360,Language Learning,2000,2000,2000,A,A
2016,Mar,Mar-16,Q1,2016 Q1,ABC360,Language Learning,7000,7000,7000,B,B
2017,Apr,Apr-17,Q2,2017 Q2,ABC360,Language Learning,20000,20000,20000,B+,B
2018,Jun,Jun-18,Q2,2018 Q2,ABC360,Language Learning,52000,52000,52000,C,C
2018,Mar,Mar-18,Q1,2018 Q1,ACEE思式国际教育,Study Abroad Services,2000,2000,2000,Pre-A,Pre-A
2017,Aug,Aug-17,Q3,2017 Q3,ACG艺术留学,Study Abroad Services,10000,10000,10000,Strategic Investment,Strategic Investment
2014,Jun,Jun-14,Q2,2014 Q2,Afanti,K12,1000,1000,1000,Seed/Angel,Seed/Angel
2014,Dec,Dec-14,Q4,2014 Q4,Afanti,K12,11466,11466,11466,A,A
2015,Dec,Dec-15,Q4,2015 Q4,Afanti,K12,38220,38220,38220,B,B
2018,Oct,Oct-18,Q4,2018 Q4,AIDAD,Early Childhood Edu.,数百万人民币,200,200,Seed/Angel,Seed/Angel
2017,Nov,Nov-17,Q4,2017 Q4,Alo7,Language Learning,24375,24375,24375,D,D
2014,Jul,Jul-14,Q3,2014 Q3,AR学校,Early Childhood Edu.,1000,1000,1000,Pre-A,Pre-A
2015,Aug,Aug-15,Q3,2015 Q3,babycan,Early Childhood Edu.,200,200,200,Pre-A,Pre-A
2016,Sep,Sep-16,Q3,2016 Q3,BellRobot,STEM,8000,8000,8000,A,A
2018,Mar,Mar-18,Q1,2018 Q1,BellRobot,STEM,20000,20000,20000,B,B
2018,Oct,Oct-18,Q4,2018 Q4,BESTCODE,STEM,数百万人民币,200,200,Seed/Angel,Seed/Angel
2018,May,May-18,Q2,2018 Q2,Biendata,Vocational Edu.,0,0,800,Seed/Angel,Seed/Angel
2015,May,May-15,Q2,2015 Q2,BoniO（中国台湾）,K12,3822,3822,3822,Strategic Investment,Strategic Investment
2014,May,May-14,Q2,2014 Q2,BOXFiSH,Language Learning,1300,1300,1300,Seed/Angel,Seed/Angel
2015,Apr,Apr-15,Q2,2015 Q2,BOXFiSH,Language Learning,7800,7800,7800,A,A
2016,Jan,Jan-16,Q1,2016 Q1,BOXFiSH,Language Learning,19500,19500,19500,B,B
2016,Nov,Nov-16,Q4,2016 Q4,BOXFiSH,Language Learning,0,0,19500,B+,B
2018,May,May-18,Q2,2018 Q2,BOXFiSH,Language Learning,20000,20000,20000,C,C
2015,Nov,Nov-15,Q4,2015 Q4,callcall教师,K12,1000,1000,1000,Seed/Angel,Seed/Angel
2017,Nov,Nov-17,Q4,2017 Q4,CC视频,SaaS & Informatization,20080,20080,20080,C,C
2016,Jan,Jan-17,Q1,2017 Q1,CC英语,Language Learning,1000,1000,1000,A,A
2014,Sep,Sep-14,Q3,2014 Q3,ChangingEdu,K12,1300,1300,1300,A,A
2015,Apr,Apr-15,Q2,2015 Q2,ChangingEdu,K12,9555,9555,9555,B,B
2015,May,May-15,Q2,2015 Q2,ChangingEdu,K12,0,0,9555,B+,B
2015,Jun,Jun-15,Q2,2015 Q2,ChangingEdu,K12,63700,63700,63700,C,C
2016,Dec,Dec-16,Q4,2016 Q4,ChangingEdu,K12,12240,12240,12240,C+,C
2017,Oct,Oct-17,Q4,2017 Q4,ChangingEdu,K12,35750,35750,35750,D,D
2014,Apr,Apr-14,Q2,2014 Q2,ChaseFuture,Study Abroad Services,260,260,260,Seed/Angel,Seed/Angel
2016,Apr,Apr-16,Q2,2016 Q2,Chengzhangbao,Enrichment Programs,1000,1000,1000,Pre-A,Pre-A
2017,Jul,Jul-17,Q3,2017 Q3,Chengzhangbao,Enrichment Programs,5000,5000,5000,A,A
2018,Mar,Mar-18,Q1,2018 Q1,Chengzhangbao,Enrichment Programs,15000,15000,15000,B,B
2018,May,May-18,Q2,2018 Q2,Chengzhangbao,Enrichment Programs,15000,15000,15000,B+,B
2014,Jul,Jul-14,Q3,2014 Q3,ChineseSkill,Language Learning,200,200,200,Seed/Angel,Seed/Angel
2016,Dec,Dec-16,Q4,2016 Q4,Codemao,STEM,2000,2000,2000,A,A
2017,May,May-17,Q2,2017 Q2,Codemao,STEM,1500,1500,1500,A+,A
2017,Nov,Nov-17,Q4,2017 Q4,Codemao,STEM,12000,12000,12000,B,B
2018,Jan,Jan-18,Q1,2018 Q1,Codemao,STEM,0,0,12000,Strategic Investment,Strategic Investment
2018,May,May-18,Q2,2018 Q2,Codemao,STEM,30000,30000,30000,C,C
2017,Feb,Feb-17,Q1,2017 Q1,CourseIn 有教未来,Language Learning,2000,2000,2000,Pre-A,Pre-A
2017,Jun,Jun-17,Q2,2017 Q2,cshd,Vocational Edu.,30000,30000,30000,Undiscloused,Undiscloused
2015,Jun,Jun-15,Q2,2015 Q2,DaDaABC,Language Learning,2000,2000,2000,A,A
2016,Sep,Sep-16,Q3,2016 Q3,DaDaABC,Language Learning,20000,20000,20000,B,B
2016,Dec,Dec-16,Q4,2016 Q4,DaDaABC,Language Learning,20000,20000,20000,B+,B
2018,Jan,Jan-18,Q1,2018 Q1,DaDaABC,Language Learning,65000,65000,65000,C,C
2016,Sep,Sep-16,Q3,2016 Q3,Doing Now,Enrichment Programs,30000,30000,30000,A,A
2017,Sep,Sep-17,Q3,2017 Q3,Doing Now,Enrichment Programs,50000,50000,50000,B,B
2018,May,May-18,Q2,2018 Q2,Dr.S赛先生,STEM,2000,2000,2000,Seed/Angel,Seed/Angel
2016,Dec,Dec-16,Q4,2016 Q4,DreambigCareer,Study Abroad Services,8000万人民币,8000,8000,Pre-A,Pre-A
2018,Sep,Sep-18,Q3,2018 Q3,DreambigCareer,Study Abroad Services,数亿人民币,20000,20000,Strategic Investment,Strategic Investment
2016,Nov,Nov-16,Q4,2016 Q4,DreambigCareer来者教育,Study Abroad Services,800,800,800,Pre-A,Pre-A
2018,Apr,Apr-18,Q2,2018 Q2,EduCare,Study Abroad Services,200,200,200,Seed/Angel,Seed/Angel
2016,Aug,Aug-16,Q3,2016 Q3,Edusoho,SaaS & Informatization,2000,2000,2000,A,A
2015,Mar,Mar-15,Q1,2015 Q1,Emerald Education,Vocational Edu.,6000,6000,6000,A,A
2015,Dec,Dec-15,Q4,2015 Q4,Emerald Education,Vocational Edu.,15000,15000,15000,B,B
2016,Nov,Nov-16,Q4,2016 Q4,Emerald Education,Vocational Edu.,20000,20000,20000,C,C
2016,Jan,Jan-17,Q1,2017 Q1,Emerald Education,Vocational Edu.,30000,30000,30000,C+,C
2017,May,May-17,Q2,2017 Q2,FaceThink,Paid Knowledge,2000,2000,2000,Pre-A,Pre-A
2018,Jan,Jan-18,Q1,2018 Q1,Find智慧钢琴,Enrichment Programs,20000,20000,20000,A,A
2014,Dec,Dec-14,Q4,2014 Q4,Finger,Enrichment Programs,未披露,0,0,Seed/Angel,Seed/Angel
2015,Jun,Jun-15,Q2,2015 Q2,Finger,Enrichment Programs,850万人民币,850,850,Pre-A,Pre-A
2015,Dec,Dec-15,Q4,2015 Q4,Finger,Enrichment Programs,未披露,0,0,Undiscloused,Undiscloused
2016,Apr,Apr-16,Q2,2016 Q2,Finger,Enrichment Programs,500万美元,3250,3250,A,A
2018,Oct,Oct-18,Q4,2018 Q4,Finger,Enrichment Programs,1亿人民币,10000,10000,B,B
2015,Aug,Aug-15,Q3,2015 Q3,Gaosi Education Group,K12,40000,40000,40000,B,B
2017,Sep,Sep-17,Q3,2017 Q3,Gaosi Education Group,K12,55000,55000,55000,C,C
2015,Feb,Feb-15,Q1,2015 Q1,Genshuixue,K12,31850,31850,31850,A,A
2017,Apr,Apr-17,Q2,2017 Q2,GitChat码字科技,Vocational Edu.,200,200,200,Seed/Angel,Seed/Angel
2014,Aug,Aug-14,Q3,2014 Q3,GTA国泰安,SaaS & Informatization,2000,2000,2000,A,A
2018,Sep,Sep-18,Q3,2018 Q3,GymROO,Early Childhood Edu.,1000万人民币,1000,1000,A,A
2018,May,May-18,Q2,2018 Q2,HelloCode,STEM,500,500,500,Seed/Angel,Seed/Angel
2015,Jun,Jun-15,Q2,2015 Q2,Hive游学,Study Abroad Services,1911,1911,1911,A,A
2015,Sep,Sep-15,Q3,2015 Q3,Hive游学,Study Abroad Services,4141,4141,4141,B,B
2018,Jun,Jun-18,Q2,2018 Q2,HnR新升力,Early Childhood Edu.,200,200,200,Seed/Angel,Seed/Angel
2014,Mar,Mar-14,Q1,2014 Q1,Huikedu,Higher Edu.,13000,13000,13000,A,A
2015,Nov,Nov-15,Q4,2015 Q4,Huikedu,Higher Edu.,30000,30000,30000,B,B
2016,Oct,Oct-16,Q4,2016 Q4,Huikedu,Higher Edu.,0,0,30000,C,C
2014,Apr,Apr-14,Q2,2014 Q2,Huivo,Early Childhood Edu.,1300,1300,1300,A,A
2015,May,May-15,Q2,2015 Q2,Huivo,Early Childhood Edu.,12000,12000,12000,B,B
2016,Apr,Apr-16,Q2,2016 Q2,Huivo,Early Childhood Edu.,15000,15000,15000,B+,B
2014,Apr,Apr-14,Q2,2014 Q2,Hujiang,Language Learning,52000,52000,52000,C,C
2015,Oct,Oct-15,Q4,2015 Q4,Hujiang,Language Learning,100000,100000,100000,D,D
2018,Jul,Jul-18,Q3,2018 Q3,Hujiang,Language Learning,31900,31900,31900,E,E
2016,Aug,Aug-16,Q3,2016 Q3,Huohua,Enrichment Programs,0,0,6500,A,A
2018,May,May-18,Q2,2018 Q2,Huohua,Enrichment Programs,9750,9750,9750,B,B
2018,Jun,Jun-18,Q2,2018 Q2,Huohua,Enrichment Programs,13000,13000,13000,B+,B
2017,Dec,Dec-17,Q4,2017 Q4,iBanker,Vocational Edu.,200,200,200,Seed/Angel,Seed/Angel
2018,Jul,Jul-18,Q3,2018 Q3,iBanker,Vocational Edu.,1000万人民币,1000,1000,Pre-A,Pre-A
2016,Jun,Jun-16,Q2,2016 Q2,italki,Language Learning,1950,1950,1950,A,A
2017,Jul,Jul-17,Q3,2017 Q3,itcast,Vocational Edu.,24700,24700,24700,新三板,NEEQ Fund-raising
2014,Feb,Feb-14,Q1,2014 Q1,iTutorGroup,Language Learning,65000,65000,65000,B,B
2015,Nov,Nov-15,Q4,2015 Q4,iTutorGroup,Language Learning,127400,127400,127400,C,C
2016,Jan,Jan-16,Q1,2016 Q1,Jerry School,K12,26000,26000,26000,Pre-A,Pre-A
2018,Jul,Jul-18,Q3,2018 Q3,Jerry School,K12,13000,13000,13000,A,A
2018,May,May-18,Q2,2018 Q2,JORNCO匠客,STEM,500,500,500,Pre-A,Pre-A
2015,Jan,Jan-15,Q1,2015 Q1,Juesheng,Others,0,0,6800,B,B
2015,Nov,Nov-15,Q4,2015 Q4,Juesheng,Others,20000,20000,20000,C,C
2016,Apr,Apr-16,Q2,2016 Q2,KaDa故事,Early Childhood Edu.,千万级人民币,1000,1000,Pre-A,Pre-A
2017,Sep,Sep-17,Q3,2017 Q3,KaDa故事,Early Childhood Edu.,未披露,0,0,A,A
2018,Oct,Oct-18,Q4,2018 Q4,KaDa故事,Early Childhood Edu.,近亿人民币,8000,8000,A+,A
2014,Nov,Nov-14,Q4,2014 Q4,Kaishu Story,Early Childhood Edu.,800,800,800,Pre-A,Pre-A
2015,Nov,Nov-15,Q4,2015 Q4,Kaishu Story,Early Childhood Edu.,7200,7200,7200,A,A
2017,May,May-17,Q2,2017 Q2,Kaishu Story,Early Childhood Edu.,9000,9000,9000,B,B
2018,Mar,Mar-18,Q1,2018 Q1,Kaishu Story,Early Childhood Edu.,15600,15600,15600,B+,B
2016,Nov,Nov-16,Q4,2016 Q4,KC童趣,Paid Knowledge,770,770,770,Seed/Angel,Seed/Angel
2016,Jun,Jun-16,Q2,2016 Q2,KeeKo,Early Childhood Edu.,2000,2000,2000,Pre-A,Pre-A
2014,Dec,Dec-14,Q4,2014 Q4,Knowbox,K12,637,637,637,Seed/Angel,Seed/Angel
2015,Apr,Apr-15,Q2,2015 Q2,Knowbox,K12,6370,6370,6370,A,A
2016,Oct,Oct-16,Q4,2016 Q4,Knowbox,K12,7000,7000,7000,B,B
2017,Oct,Oct-17,Q4,2017 Q4,Knowbox,K12,20000,20000,20000,B+,B
2018,Apr,Apr-18,Q2,2018 Q2,Knowbox,K12,65000,65000,65000,C,C
2016,Feb,Feb-16,Q1,2016 Q1,Koolearn,Language Learning,32000,32000,32000,Pre-IPO,Pre-IPO
2015,Mar,Mar-15,Q1,2015 Q1,Liulishuo,Language Learning,13000,13000,13000,B,B
2017,Jul,Jul-17,Q3,2017 Q3,Liulishuo,Language Learning,54400,54400,54400,C,C
2014,Aug,Aug-14,Q3,2014 Q3,LTG,Language Learning,1950,1950,1950,A,A
2012,Mar,Mar-12,Q1,2012 Q1,makeblock,STEM,数十万美元,520,520,Seed/Angel,Seed/Angel
2013,Jul,Jul-13,Q3,2013 Q3,makeblock,STEM,数百万人民币,200,200,Pre-A,Pre-A
2015,Apr,Apr-15,Q2,2015 Q2,makeblock,STEM,600万美元,3900,3900,A,A
2017,Mar,Mar-17,Q1,2017 Q1,makeblock,STEM,2亿人民币,20000,20000,B,B
2018,Aug,Aug-18,Q3,2018 Q3,makeblock,STEM,3亿人民币,30000,30000,C,C
2016,Feb,Feb-16,Q1,2016 Q1,Master 达人,Enrichment Programs,900,900,900,Pre-A,Pre-A
2015,Jun,Jun-15,Q2,2015 Q2,Mingshi EDU,K12,20000,20000,20000,B,B
2017,Jul,Jul-17,Q3,2017 Q3,Mingshi EDU,K12,6900,6900,6900,Undiscloused,Undiscloused
2014,Apr,Apr-14,Q2,2014 Q2,Mofangge,K12,0,0,6500,A,A
2016,Jan,Jan-16,Q1,2016 Q1,Mofangge,K12,2000,2000,2000,B,B
2016,Nov,Nov-16,Q4,2016 Q4,Mofangge,K12,14800,14800,14800,B+,B
2018,Mar,Mar-18,Q1,2018 Q1,Mofangge,K12,0,0,2000,C,C
2016,Sep,Sep-16,Q3,2016 Q3,myOffer,Study Abroad Services,2000,2000,2000,A,A
2017,Nov,Nov-17,Q4,2017 Q4,myOffer,Study Abroad Services,2000,2000,2000,A+,A
2015,Aug,Aug-15,Q3,2015 Q3,MySIMAX,Others,127,127,127,Strategic Investment,Strategic Investment
2015,Sep,Sep-15,Q3,2015 Q3,NeoBear,Early Childhood Edu.,12000,12000,12000,A,A
2016,Oct,Oct-16,Q4,2016 Q4,NeoBear,Early Childhood Edu.,25000,25000,25000,B,B
2016,Sep,Sep-16,Q3,2016 Q3,NOBOOK,K12,1500,1500,1500,A,A
2017,Aug,Aug-17,Q3,2017 Q3,offer先生/先胜科技,Vocational Edu.,200,200,200,Seed/Angel,Seed/Angel
2016,Jan,Jan-16,Q1,2016 Q1,OneSmart International Education Group,K12,50000,50000,50000,Pre-IPO,Pre-IPO
2014,Feb,Feb-14,Q1,2014 Q1,Onion Math,K12,0,0,800,Seed/Angel,Seed/Angel
2015,Oct,Oct-15,Q4,2015 Q4,Onion Math,K12,2925,2925,2925,A+,A
2016,Jun,Jun-16,Q2,2016 Q2,Onion Math,K12,1950,1950,1950,A,A
2017,May,May-17,Q2,2017 Q2,Onion Math,K12,9700,9700,9700,B,B
2018,Feb,Feb-18,Q1,2018 Q1,Onion Math,K12,12000,12000,12000,C,C
2018,Oct,Oct-18,Q4,2018 Q4,Pipacode,STEM,1000万人民币,1000,1000,Seed/Angel,Seed/Angel
2014,Dec,Dec-14,Q4,2014 Q4,QLL快速语言学习,Language Learning,292.5,292.5,292.5,A,A
2014,Jun,Jun-14,Q2,2014 Q2,Sanhao,K12,1300,1300,1300,Seed/Angel,Seed/Angel
2016,Mar,Mar-16,Q1,2016 Q1,Sanhao,K12,7500,7500,7500,Pre-A,Pre-A
2016,Oct,Oct-16,Q4,2016 Q4,Sanhao,K12,0,0,7500,A,A
2017,Dec,Dec-17,Q4,2017 Q4,Sanhao,K12,15000,15000,15000,B,B
2014,Aug,Aug-14,Q3,2014 Q3,satonline,Language Learning,0,0,6000,Undiscloused,Undiscloused
2018,May,May-18,Q2,2018 Q2,Sesame Street English,Language Learning,26200,26200,26200,Strategic Investment,Strategic Investment
2017,Jul,Jul-17,Q3,2017 Q3,SIA国际艺术教育,Study Abroad Services,5000,5000,5000,A,A
2018,Jan,Jan-18,Q1,2018 Q1,SIA国际艺术教育,Study Abroad Services,4000,4000,4000,A+,A
2018,Apr,Apr-18,Q2,2018 Q2,sinostage 舞邦,Enrichment Programs,2000,2000,2000,A,A
2018,Jan,Jan-18,Q1,2018 Q1,SKT思珂特教育,Study Abroad Services,2000,2000,2000,Pre-A,Pre-A
2016,Apr,Apr-16,Q2,2016 Q2,SK皇家少儿英语,Language Learning,3000,3000,3000,A,A
2014,Sep,Sep-14,Q3,2014 Q3,SmartStudy,Language Learning,6890,6890,6890,A,A
2016,Oct,Oct-16,Q4,2016 Q4,SmartStudy,Language Learning,20000,20000,20000,B,B
2017,Nov,Nov-17,Q4,2017 Q4,SmartStudy,Language Learning,20000,20000,20000,B+,B
2018,Apr,Apr-18,Q2,2018 Q2,Snapask,K12,9750,9750,9750,A+,A
2015,Sep,Sep-15,Q3,2015 Q3,Sundata,SaaS & Informatization,11000,11000,11000,A,A
2016,Mar,Mar-16,Q1,2016 Q1,Sundata,SaaS & Informatization,0,0,11000,Undiscloused,Undiscloused
2016,Jun,Jun-16,Q2,2016 Q2,Sundata,SaaS & Informatization,0,0,11000,Undiscloused,Undiscloused
2018,Oct,Oct-18,Q4,2018 Q4,T School,Others,未透露,0,0,Seed/Angel,Seed/Angel
2015,Oct,Oct-15,Q4,2015 Q4,The One 智能钢琴,Enrichment Programs,19110,19110,19110,B,B
2016,Nov,Nov-16,Q4,2016 Q4,TMT商学院,Vocational Edu.,0,0,800,Seed/Angel,Seed/Angel
2014,Apr,Apr-14,Q2,2014 Q2,Tsingda eEDU,K12,5000,5000,5000,A,A
2014,Dec,Dec-14,Q4,2014 Q4,Tsingda eEDU,K12,15925,15925,15925,B,B
2015,Mar,Mar-15,Q1,2015 Q1,Tsingda eEDU,K12,31213,31213,31213,C,C
2016,Jan,Jan-16,Q1,2016 Q1,Tsingda eEDU,K12,0,0,31213,Undiscloused,Undiscloused
2015,Jun,Jun-15,Q2,2015 Q2,tstudy,K12,未透露,0,0,A,A
2016,Mar,Mar-16,Q1,2016 Q1,tstudy,K12,未透露,0,0,Undiscloused,Undiscloused
2018,Aug,Aug-18,Q3,2018 Q3,tstudy,K12,未透露,0,0,C+,C
2018,Aug,Aug-18,Q3,2018 Q3,TutorDuck,K12,数百万人民币,200,200,Seed/Angel,Seed/Angel
2017,Jul,Jul-17,Q3,2017 Q3,UniCareer,Vocational Edu.,5000,5000,5000,B,B
2018,Jun,Jun-18,Q2,2018 Q2,UPRO,Enrichment Programs,1000,1000,1000,Seed/Angel,Seed/Angel
2018,May,May-18,Q2,2018 Q2,Vent学堂,Paid Knowledge,30,30,30,Seed/Angel,Seed/Angel
2016,Mar,Mar-16,Q1,2016 Q1,VIAX,Study Abroad Services,未透露,0,0,Seed/Angel,Seed/Angel
2018,Jul,Jul-18,Q3,2018 Q3,VIAX,Study Abroad Services,未透露,0,0,A,A
2018,Jun,Jun-18,Q2,2018 Q2,VIPCODE编程,STEM,8500,8500,8500,A,A
2014,Jan,Jan-14,Q1,2014 Q1,VIPKID,Language Learning,300,300,300,Seed/Angel,Seed/Angel
2014,Oct,Oct-14,Q4,2014 Q4,VIPKID,Language Learning,3185,3185,3185,A,A
2015,Oct,Oct-15,Q4,2015 Q4,VIPKID,Language Learning,12740,12740,12740,B,B
2016,Aug,Aug-16,Q3,2016 Q3,VIPKID,Language Learning,65000,65000,65000,C,C
2017,Aug,Aug-17,Q3,2017 Q3,VIPKID,Language Learning,136000,136000,136000,D,D
2018,Apr,Apr-18,Q2,2018 Q2,VIPKID,Language Learning,325000,325000,325000,D+,D
2018,Jan,Jan-18,Q1,2018 Q1,VIP陪练,Enrichment Programs,20000,20000,20000,B,B
2017,Jun,Jun-17,Q2,2017 Q2,VR小伴马,Early Childhood Edu.,2000,2000,2000,Pre-A,Pre-A
2016,Jul,Jul-16,Q3,2016 Q3,Wake瑜伽,Enrichment Programs,1500,1500,1500,Pre-A,Pre-A
2018,Sep,Sep-18,Q3,2018 Q3,WeCode,STEM,1000万人民币,1000,1000,Seed/Angel,Seed/Angel
2016,Jul,Jul-16,Q3,2016 Q3,Weidong Group Edu,SaaS & Informatization,40000,40000,40000,A,A
2014,Apr,Apr-14,Q2,2014 Q2,WheelNet,Vocational Edu.,0,0,10000,A,A
2014,Dec,Dec-14,Q4,2014 Q4,WheelNet,Vocational Edu.,16500,16500,16500,B,B
2016,Apr,Apr-16,Q2,2016 Q2,WheelNet,Vocational Edu.,38500,38500,38500,C,C
2016,Dec,Dec-16,Q4,2016 Q4,WheelNet,Vocational Edu.,10000,10000,10000,C+,C
2015,Jun,Jun-15,Q2,2015 Q2,wisdom garden,Higher Edu.,3300,3300,3300,A,A
2015,Mar,Mar-15,Q1,2015 Q1,Xiaozhan Jiaoyu,Language Learning,18473,18473,18473,B,B
2015,Dec,Dec-15,Q4,2015 Q4,Xiaozhan Jiaoyu,Language Learning,53508,53508,53508,C,C
2014,Aug,Aug-14,Q3,2014 Q3,Xing Shuai Teach ,Vocational Edu.,19500,19500,19500,A,A
2016,Apr,Apr-16,Q2,2016 Q2,Xing Shuai Teach ,Vocational Edu.,30000,30000,30000,B,B
2015,Jul,Jul-15,Q3,2015 Q3,XPlus Eudcation,K12,3000,3000,3000,Seed/Angel,Seed/Angel
2017,Mar,Mar-17,Q1,2017 Q1,XPlus Eudcation,K12,27000,27000,27000,Seed/Angel,Seed/Angel
2018,Jul,Jul-18,Q3,2018 Q3,XSCHOOL,STEM,数千万人民币,2000,2000,Pre-A,Pre-A
2015,Jan,Jan-15,Q1,2015 Q1,Xstudy,K12,2000,2000,2000,Pre-A,Pre-A
2015,Jun,Jun-15,Q2,2015 Q2,Xstudy,K12,12740,12740,12740,B,B
2015,Jul,Jul-15,Q3,2015 Q3,Xstudy,K12,15288,15288,15288,B+,B
2016,Jun,Jun-16,Q2,2016 Q2,Xstudy,K12,12000,12000,12000,C,C
2014,Mar,Mar-14,Q1,2014 Q1,Xueba100,K12,3250,3250,3250,A,A
2015,Jun,Jun-15,Q2,2015 Q2,Xueba100,K12,31850,31850,31850,B,B
2016,Nov,Nov-16,Q4,2016 Q4,Xueba100,K12,0,0,31850,B+,B
2017,Jan,Jan-17,Q1,2017 Q1,Xueba100,K12,68000,68000,68000,C,C
2017,Sep,Sep-17,Q3,2017 Q3,YBDL,Enrichment Programs,2000,2000,2000,A,A
2018,Mar,Mar-18,Q1,2018 Q1,YBDL,Enrichment Programs,5000,5000,5000,A+,A
2014,Jul,Jul-14,Q3,2014 Q3,Yuantiku,K12,9750,9750,9750,C,C
2015,Mar,Mar-15,Q1,2015 Q1,Yuantiku,K12,38220,38220,38220,D,D
2016,May,May-16,Q2,2016 Q2,Yuantiku,K12,26000,26000,26000,D+,D
2017,Jun,Jun-17,Q2,2017 Q2,Yuantiku,K12,81600,81600,81600,E,E
2015,Jul,Jul-15,Q3,2015 Q3,Zhangmen,K12,2000,2000,2000,A,A
2016,Mar,Mar-16,Q1,2016 Q1,Zhangmen,K12,2000,2000,2000,B,B
2016,Sep,Sep-16,Q3,2016 Q3,Zhangmen,K12,20000,20000,20000,C,C
2017,Jul,Jul-17,Q3,2017 Q3,Zhangmen,K12,0,0,20000,C+,C
2018,Jan,Jan-18,Q1,2018 Q1,Zhangmen,K12,78000,78000,78000,D,D
2014,Jun,Jun-14,Q2,2014 Q2,Zhihu,Paid Knowledge,14300,14300,14300,B,B
2015,Sep,Sep-15,Q3,2015 Q3,Zhihu,Paid Knowledge,35035,35035,35035,C,C
2017,Jan,Jan-17,Q1,2017 Q1,Zhihu,Paid Knowledge,68000,68000,68000,D,D
2018,Jul,Jul-18,Q3,2018 Q3,Zhihu,Paid Knowledge,183600,183600,183600,E,E
2015,Dec,Dec-15,Q4,2015 Q4,Zhihui Shu,Higher Edu.,0,0,2000,A,A
2016,Mar,Mar-16,Q1,2016 Q1,Zhihui Shu,Higher Edu.,0,0,10000,A+,A
2016,Oct,Oct-16,Q4,2016 Q4,Zhihui Shu,Higher Edu.,35000,35000,35000,B,B
2015,Sep,Sep-15,Q3,2015 Q3,Zuoyebang,K12,12740,12740,12740,A,A
2016,May,May-16,Q2,2016 Q2,Zuoyebang,K12,0,0,12740,A+,A
2016,Sep,Sep-16,Q3,2016 Q3,Zuoyebang,K12,39000,39000,39000,B,B
2017,Aug,Aug-17,Q3,2017 Q3,Zuoyebang,K12,102000,102000,102000,C,C
2018,Jul,Jul-18,Q3,2018 Q3,Zuoyebang,K12,227500,227500,227500,D,D
2018,Oct,Oct-18,Q4,2018 Q4,Zuoyebang,K12,5亿美元,325000,325000,E,E
2016,Jul,Jul-16,Q3,2016 Q3,阿卡索,Language Learning,3100,3100,3100,A,A
2017,Oct,Oct-17,Q4,2017 Q4,阿卡索,Language Learning,8000,8000,8000,B+,B
2017,Nov,Nov-17,Q4,2017 Q4,啊哈编程星球,STEM,数百万人民币,200,200,Seed/Angel,Seed/Angel
2018,Jul,Jul-18,Q3,2018 Q3,啊哈编程星球,STEM,1000万人民币,1000,1000,Seed/Angel,Seed/Angel
2016,Oct,Oct-16,Q4,2016 Q4,爱贝睿,Enrichment Programs,1000,1000,1000,Pre-A,Pre-A
2018,Oct,Oct-18,Q4,2018 Q4,爱而知幼教,Early Childhood Edu.,未透露,0,0,Seed/Angel,Seed/Angel
2014,May,May-14,Q2,2014 Q2,爱考拉,K12,1000,1000,1000,A,A
2018,Jan,Jan-18,Q1,2018 Q1,爱来课,SaaS & Informatization,200,200,200,Seed/Angel,Seed/Angel
2017,Oct,Oct-17,Q4,2017 Q4,爱培优,K12,200,200,200,Seed/Angel,Seed/Angel
2018,Aug,Aug-18,Q3,2018 Q3,爱培优,K12,数千万人民币,2000,2000,Pre-A,Pre-A
2015,Mar,Mar-15,Q1,2015 Q1,爱赛达课,Language Learning,0,0,4000,A,A
2018,Mar,Mar-18,Q1,2018 Q1,爱上学习,Vocational Edu.,1000,1000,1000,Strategic Investment,Strategic Investment
2017,Dec,Dec-17,Q4,2017 Q4,爱思益,Study Abroad Services,800,800,800,Pre-A,Pre-A
2016,Mar,Mar-16,Q1,2016 Q1,爱天教育科技,Language Learning,20,20,20,Seed/Angel,Seed/Angel
2018,Oct,Oct-18,Q4,2018 Q4,爱徒VR,Others,数百万人民币,200,200,Seed/Angel,Seed/Angel
2018,Jul,Jul-18,Q3,2018 Q3,爱学堂,K12,未透露,0,0,Seed/Angel,Seed/Angel
2014,Jul,Jul-14,Q3,2014 Q3,爱语吧,Language Learning,1000,1000,1000,A,A
2015,Jun,Jun-15,Q2,2015 Q2,爱预科,Study Abroad Services,2000,2000,2000,Seed/Angel,Seed/Angel
2015,Nov,Nov-15,Q4,2015 Q4,爱早教,Early Childhood Edu.,2000,2000,2000,A,A
2016,Sep,Sep-16,Q3,2016 Q3,凹凸教育,K12,2000,2000,2000,A,A
2017,Jun,Jun-17,Q2,2017 Q2,傲梦编程,STEM,未披露,0,0,Seed/Angel,Seed/Angel
2017,Aug,Aug-17,Q3,2017 Q3,傲梦编程,STEM,未披露,0,0,Seed/Angel,Seed/Angel
2017,Dec,Dec-17,Q4,2017 Q4,傲梦编程,STEM,数千万人民币,2000,2000,A,A
2018,Sep,Sep-18,Q3,2018 Q3,傲梦编程,STEM,1.2亿人民币,12000,12000,B,B
2016,Oct,Oct-16,Q4,2016 Q4,奥本未来,Paid Knowledge,200,200,200,Seed/Angel,Seed/Angel
2018,Mar,Mar-18,Q1,2018 Q1,奥创熊,STEM,200,200,200,Seed/Angel,Seed/Angel
2016,Aug,Aug-16,Q3,2016 Q3,爸妈搜,Paid Knowledge,100,100,100,Seed/Angel,Seed/Angel
2017,Jan,Jan-17,Q1,2017 Q1,白塔岭,Enrichment Programs,2000,2000,2000,A,A
2018,Apr,Apr-18,Q2,2018 Q2,百家云,SaaS & Informatization,6000,6000,6000,A+,A
2016,Jun,Jun-16,Q2,2016 Q2,百年英才,K12,1000,1000,1000,A,A
2017,May,May-17,Q2,2017 Q2,百通世纪,Vocational Edu.,2000,2000,2000,Pre-A,Pre-A
2018,May,May-18,Q2,2018 Q2,百通世纪,Vocational Edu.,2000,2000,2000,A,A
2017,May,May-17,Q2,2017 Q2,百造教育PACEE派希,Enrichment Programs,200,200,200,Seed/Angel,Seed/Angel
2017,May,May-17,Q2,2017 Q2,百造学堂,SaaS & Informatization,100,100,100,Seed/Angel,Seed/Angel
2018,Aug,Aug-18,Q3,2018 Q3,斑马老师,Language Learning,数千万人民币,2000,2000,Seed/Angel,Seed/Angel
2016,Jun,Jun-16,Q2,2016 Q2,斑马少年运动,Enrichment Programs,未披露,0,0,Seed/Angel,Seed/Angel
2018,Aug,Aug-18,Q3,2018 Q3,斑马少年运动,Enrichment Programs,1000万人民币,1000,1000,Pre-A,Pre-A
2018,Jul,Jul-18,Q3,2018 Q3,斑马星空,Study Abroad Services,1300万人民币,1300,1300,Seed/Angel,Seed/Angel
2018,Sep,Sep-18,Q3,2018 Q3,斑码编程,STEM,5000万人民币,5000,5000,Pre-A,Pre-A
2015,Mar,Mar-15,Q1,2015 Q1,榜样（趣寻网）,K12,0,0,4000,A,A
2015,May,May-15,Q2,2015 Q2,宝宝巴士Baby Bus,Early Childhood Edu.,4000,4000,4000,B,B
2018,Jul,Jul-18,Q3,2018 Q3,宝宝快乐说,Early Childhood Edu.,未透露,0,0,Seed/Angel,Seed/Angel
2018,Mar,Mar-18,Q1,2018 Q1,宝宝玩英语,Language Learning,15000,15000,15000,B,B
2015,Jun,Jun-15,Q2,2015 Q2,宝贝全计划,Early Childhood Edu.,2000,2000,2000,B,B
2015,Oct,Oct-15,Q4,2015 Q4,宝贝玩啥,Early Childhood Edu.,200,200,200,Seed/Angel,Seed/Angel
2015,Sep,Sep-15,Q3,2015 Q3,宝贝走天下,Early Childhood Edu.,500,500,500,Seed/Angel,Seed/Angel
2016,May,May-16,Q2,2016 Q2,保利威视,SaaS & Informatization,2000,2000,2000,Pre-A,Pre-A
2016,Dec,Dec-16,Q4,2016 Q4,报哪好,K12,未披露,0,0,Seed/Angel,Seed/Angel
2017,May,May-17,Q2,2017 Q2,报哪好,K12,未披露,0,0,Pre-A,Pre-A
2018,Aug,Aug-18,Q3,2018 Q3,报哪好,K12,未披露,0,0,A,A
2017,Mar,Mar-17,Q1,2017 Q1,豹变老板,Vocational Edu.,500,500,500,Seed/Angel,Seed/Angel
2015,Apr,Apr-15,Q2,2015 Q2,北风网,Vocational Edu.,6400,6400,6400,B,B
2018,Jan,Jan-18,Q1,2018 Q1,北风网,Vocational Edu.,2000,2000,2000,B+,B
2017,Jan,Jan-17,Q1,2017 Q1,北教文化,K12,5910,5910,5910,新三板,NEEQ Fund-raising
2015,Oct,Oct-15,Q4,2015 Q4,北京趣乐,Enrichment Programs,2000,2000,2000,A,A
2017,Jan,Jan-17,Q1,2017 Q1,北京市新府学外国语学校,K12,1000,1000,1000,A,A
2018,Sep,Sep-18,Q3,2018 Q3,北伦敦国际教育,Early Childhood Edu.,1400万人民币,1400,1400,Pre-A,Pre-A
2016,Feb,Feb-16,Q1,2016 Q1,北美留学生日报,Study Abroad Services,1000,1000,1000,Pre-A,Pre-A
2017,Nov,Nov-17,Q4,2017 Q4,北美留学生日报,Study Abroad Services,2000,2000,2000,A,A
2017,Mar,Mar-17,Q1,2017 Q1,贝贝帮,K12,300,300,300,Undiscloused,Undiscloused
2015,Aug,Aug-15,Q3,2015 Q3,贝贝单词,Language Learning,200,200,200,Seed/Angel,Seed/Angel
2016,Jan,Jan-16,Q1,2016 Q1,贝贝单词,Language Learning,200,200,200,Pre-A,Pre-A
2015,Aug,Aug-15,Q3,2015 Q3,贝壳单词,Language Learning,50,50,50,Seed/Angel,Seed/Angel
2018,Jun,Jun-18,Q2,2018 Q2,贝壳亲子英语,Language Learning,0,0,800,Seed/Angel,Seed/Angel
2017,Jul,Jul-17,Q3,2017 Q3,贝拉教育,Study Abroad Services,2000,2000,2000,A,A
2018,Jun,Jun-18,Q2,2018 Q2,贝乐虎,Early Childhood Edu.,1000,1000,1000,Pre-A,Pre-A
2015,Jul,Jul-15,Q3,2015 Q3,贝乐学科英语,Language Learning,20000,20000,20000,B,B
2015,Mar,Mar-15,Q1,2015 Q1,贝聊,Early Childhood Edu.,1274,1274,1274,A,A
2016,Jan,Jan-16,Q1,2016 Q1,贝聊,Early Childhood Edu.,10000,10000,10000,B,B
2015,Nov,Nov-15,Q4,2015 Q4,贝美互动,Early Childhood Edu.,2000,2000,2000,Pre-A,Pre-A
2016,Dec,Dec-16,Q4,2016 Q4,贝梦宝智育,Early Childhood Edu.,0,0,4000,A,A
2015,Jan,Jan-15,Q1,2015 Q1,贝斯特教育/网龙,K12,33443,33443,33443,A,A
2016,Sep,Sep-16,Q3,2016 Q3,贝瓦商务咨询,Study Abroad Services,2000,2000,2000,A,A
2015,May,May-15,Q2,2015 Q2,笨鸟雅思,Language Learning,未披露,0,0,Seed/Angel,Seed/Angel
2016,Aug,Aug-16,Q3,2016 Q3,笨鸟雅思,Language Learning,未披露,0,0,Pre-A,Pre-A
2017,Sep,Sep-17,Q3,2017 Q3,笨鸟雅思,Language Learning,未披露,0,0,A,A
2018,Oct,Oct-18,Q4,2018 Q4,笨鸟雅思,Language Learning,数千万人民币,2000,2000,B,B
2017,Dec,Dec-17,Q4,2017 Q4,比邻星,K12,500,500,500,Undiscloused,Undiscloused
2018,Oct,Oct-18,Q4,2018 Q4,编程屋,STEM,数百万人民币,200,200,Seed/Angel,Seed/Angel
2018,Apr,Apr-18,Q2,2018 Q2,编程侠,STEM,100,100,100,Seed/Angel,Seed/Angel
2016,Dec,Dec-16,Q4,2016 Q4,编玩边学,STEM,80万人民币,80,80,Seed/Angel,Seed/Angel
2017,Apr,Apr-17,Q2,2017 Q2,编玩边学,STEM,1000万人民币,1000,1000,Seed/Angel,Seed/Angel
2017,Oct,Oct-17,Q4,2017 Q4,编玩边学,STEM,数千万人民币,2000,2000,Pre-A,Pre-A
2018,Apr,Apr-18,Q2,2018 Q2,编玩边学,STEM,数千万人民币,2000,2000,A,A
2018,Aug,Aug-18,Q3,2018 Q3,编玩边学,STEM,数千万人民币,2000,2000,Pre-B,B
2017,Nov,Nov-17,Q4,2017 Q4,编玩编学,STEM,2000,2000,2000,Pre-A,Pre-A
2018,Aug,Aug-18,Q3,2018 Q3,波比英语,Language Learning,数千万人民币,2000,2000,Seed/Angel,Seed/Angel
2016,Dec,Dec-16,Q4,2016 Q4,播米亲子,Early Childhood Edu.,300,300,300,Seed/Angel,Seed/Angel
2015,Jun,Jun-15,Q2,2015 Q2,铂略财务培训,Vocational Edu.,2000,2000,2000,Seed/Angel,Seed/Angel
2016,Oct,Oct-16,Q4,2016 Q4,铂略咨询,Vocational Edu.,2200,2200,2200,A,A
2016,Oct,Oct-16,Q4,2016 Q4,博览网,Vocational Edu.,0,0,3000,Pre-A,Pre-A
2018,Jun,Jun-18,Q2,2018 Q2,博鸟绘本,Early Childhood Edu.,500,500,500,Seed/Angel,Seed/Angel
2017,Dec,Dec-17,Q4,2017 Q4,博沃思教育,Enrichment Programs,2000,2000,2000,A,A
2016,Sep,Sep-16,Q3,2016 Q3,布卡互动,SaaS & Informatization,200万人民币,200,200,Seed/Angel,Seed/Angel
2017,May,May-17,Q2,2017 Q2,布卡互动,SaaS & Informatization,1000万人民币,1000,1000,Pre-A,Pre-A
2018,Aug,Aug-18,Q3,2018 Q3,布卡互动,SaaS & Informatization,未透露,0,0,A,A
2018,May,May-18,Q2,2018 Q2,才鹿,Others,200,200,200,Seed/Angel,Seed/Angel
2016,May,May-16,Q2,2016 Q2,财金通,Vocational Edu.,4767,4767,4767,A,A
2018,May,May-18,Q2,2018 Q2,彩贝壳,Early Childhood Edu.,6500,6500,6500,A,A
2018,Sep,Sep-18,Q3,2018 Q3,彩虹堂英语,Early Childhood Edu.,1000万人民币,1000,1000,Seed/Angel,Seed/Angel
2018,Mar,Mar-18,Q1,2018 Q1,彩虹蜗牛,Enrichment Programs,5100,5100,5100,A,A
2016,May,May-16,Q2,2016 Q2,插坐学院,Vocational Edu.,700,700,700,Pre-A,Pre-A
2018,Jan,Jan-18,Q1,2018 Q1,唱唱启蒙英语,Language Learning,500万人民币,500,500,Seed/Angel,Seed/Angel
2018,Jul,Jul-18,Q3,2018 Q3,唱唱启蒙英语,Language Learning,1000万人民币,1000,1000,Pre-A,Pre-A
2014,Aug,Aug-14,Q3,2014 Q3,超级课程表,Higher Edu.,13000,13000,13000,B,B
2018,May,May-18,Q2,2018 Q2,超竞教育,Vocational Edu.,2000,2000,2000,Seed/Angel,Seed/Angel
2018,Apr,Apr-18,Q2,2018 Q2,超优教育,K12,3000,3000,3000,A,A
2016,Nov,Nov-16,Q4,2016 Q4,成都儿童团,Study Abroad Services,1000,1000,1000,Strategic Investment,Strategic Investment
2018,Jun,Jun-18,Q2,2018 Q2,橙色星球,Paid Knowledge,200,200,200,Seed/Angel,Seed/Angel
2016,Mar,Mar-16,Q1,2016 Q1,橙旭园,STEM,250万人民币,250,250,Seed/Angel,Seed/Angel
2018,Sep,Sep-18,Q3,2018 Q3,橙旭园,STEM,未透露,0,0,Pre-A,Pre-A
2017,Jun,Jun-17,Q2,2017 Q2,触控未来,SaaS & Informatization,1000,1000,1000,Seed/Angel,Seed/Angel
2017,Sep,Sep-17,Q3,2017 Q3,传智播客,Vocational Edu.,2.47亿人民币,24700,24700,定向增发,NEEQ Fund-raising
2018,Sep,Sep-18,Q3,2018 Q3,传智播客,Vocational Edu.,未透露,0,0,Strategic Investment,Strategic Investment
2018,Apr,Apr-18,Q2,2018 Q2,创豆智能积木,STEM,0,0,800,Seed/Angel,Seed/Angel
2017,Jun,Jun-17,Q2,2017 Q2,创而新,SaaS & Informatization,2000,2000,2000,A,A
2017,Sep,Sep-17,Q3,2017 Q3,创数教育,K12,1000,1000,1000,A,A
2018,Aug,Aug-18,Q3,2018 Q3,创想童年,STEM,数千万人民币,2000,2000,A,A
2015,Sep,Sep-15,Q3,2015 Q3,葱课CongAcademy,Higher Edu.,200,200,200,Seed/Angel,Seed/Angel
2015,Jun,Jun-15,Q2,2015 Q2,答疑君,K12,2000,2000,2000,Pre-A,Pre-A
2018,Aug,Aug-18,Q3,2018 Q3,大耳猴少儿编程,STEM,数百万人民币,200,200,Seed/Angel,Seed/Angel
2014,Nov,Nov-14,Q4,2014 Q4,大家汇,SaaS & Informatization,3250,3250,3250,A,A
2016,Sep,Sep-16,Q3,2016 Q3,大咖说,Vocational Edu.,2000,2000,2000,Pre-A,Pre-A
2018,Jun,Jun-18,Q2,2018 Q2,大思码,STEM,500,500,500,Seed/Angel,Seed/Angel
2016,Dec,Dec-16,Q4,2016 Q4,大嘴外教,Language Learning,1000,1000,1000,Pre-A,Pre-A
2018,Jul,Jul-18,Q3,2018 Q3,代码星球,STEM,未透露,0,0,Seed/Angel,Seed/Angel
2016,May,May-16,Q2,2016 Q2,袋鼠麻麻 / 铭诗教育,Early Childhood Edu.,400,400,400,Seed/Angel,Seed/Angel
2017,Jul,Jul-17,Q3,2017 Q3,袋鼠麻麻 / 铭诗教育,Early Childhood Edu.,2000,2000,2000,Pre-A,Pre-A
2018,Jun,Jun-18,Q2,2018 Q2,袋鼠麻麻 / 铭诗教育,Early Childhood Edu.,2000,2000,2000,A,A
2016,Jan,Jan-16,Q1,2016 Q1,袋鼠先生,Early Childhood Edu.,500,500,500,Seed/Angel,Seed/Angel
2018,Jun,Jun-18,Q2,2018 Q2,丹你耳,Language Learning,200,200,200,Seed/Angel,Seed/Angel
2014,Aug,Aug-14,Q3,2014 Q3,弹吧钢琴,Enrichment Programs,200,200,200,Seed/Angel,Seed/Angel
2015,Nov,Nov-15,Q4,2015 Q4,弹吧钢琴,Enrichment Programs,1274,1274,1274,A,A
2016,Jan,Jan-16,Q1,2016 Q1,弹弹,Enrichment Programs,250,250,250,Seed/Angel,Seed/Angel
2015,Jul,Jul-15,Q3,2015 Q3,蛋白APP-光合邦,Others,350,350,350,Seed/Angel,Seed/Angel
2018,Jun,Jun-18,Q2,2018 Q2,导学号,K12,0,0,30000,C,C
2018,May,May-18,Q2,2018 Q2,导学教育,SaaS & Informatization,0,0,30000,C,C
2018,Mar,Mar-18,Q1,2018 Q1,道远课堂,K12,2000,2000,2000,A,A
2018,Jan,Jan-18,Q1,2018 Q1,德拉学院,STEM,1500,1500,1500,A,A
2016,Jul,Jul-16,Q3,2016 Q3,迪殊教育,Vocational Edu.,900,900,900,Seed/Angel,Seed/Angel
2016,May,May-16,Q2,2016 Q2,地心引力新媒体工场,Vocational Edu.,1050,1050,1050,Seed/Angel,Seed/Angel
2018,Jun,Jun-18,Q2,2018 Q2,第三学府,Enrichment Programs,0,0,5000,Strategic Investment,Strategic Investment
2015,Jul,Jul-15,Q3,2015 Q3,典阅科技,Vocational Edu.,323,323,323,Seed/Angel,Seed/Angel
2017,Aug,Aug-17,Q3,2017 Q3,叮当派/巴黎信息,Early Childhood Edu.,2000,2000,2000,Pre-A,Pre-A
2018,Jan,Jan-18,Q1,2018 Q1,叮当配,Vocational Edu.,0,0,800,Seed/Angel,Seed/Angel
2015,Jul,Jul-15,Q3,2015 Q3,顶你学堂TopU-过来人教育,Higher Edu.,4500,4500,4500,B,B
2016,Jan,Jan-16,Q1,2016 Q1,顶上英语,Language Learning,800,800,800,Seed/Angel,Seed/Angel
2017,Mar,Mar-17,Q1,2017 Q1,顶上英语,Language Learning,2000,2000,2000,A,A
2018,May,May-18,Q2,2018 Q2,顶上英语,Language Learning,2000,2000,2000,A+,A
2018,Aug,Aug-18,Q3,2018 Q3,顶思教育,Study Abroad Services,1000万人民币,1000,1000,Seed/Angel,Seed/Angel
2017,May,May-17,Q2,2017 Q2,东电微校,SaaS & Informatization,1500,1500,1500,A,A
2017,Mar,Mar-17,Q1,2017 Q1,东方爱婴,Early Childhood Edu.,2000,2000,2000,Undiscloused,Undiscloused
2017,Mar,Mar-17,Q1,2017 Q1,东方标准X,Vocational Edu.,200,200,200,Undiscloused,Undiscloused
2014,Aug,Aug-14,Q3,2014 Q3,东方华尔,Vocational Edu.,2000,2000,2000,A,A
2017,Dec,Dec-17,Q4,2017 Q4,东方启音,Early Childhood Edu.,16250,16250,16250,B,B
2015,Jul,Jul-15,Q3,2015 Q3,动吧体育,Enrichment Programs,3000,3000,3000,A,A
2017,Aug,Aug-17,Q3,2017 Q3,都市鼎点,Early Childhood Edu.,2000,2000,2000,新三板,NEEQ Fund-raising
2016,Nov,Nov-16,Q4,2016 Q4,兜兜亲子,Early Childhood Edu.,0,0,800,Seed/Angel,Seed/Angel
2017,Aug,Aug-17,Q3,2017 Q3,读伴儿,Language Learning,2400,2400,2400,Pre-A,Pre-A
2018,Jan,Jan-18,Q1,2018 Q1,对啊网,Vocational Edu.,0,0,12000,B,B
2018,Feb,Feb-18,Q1,2018 Q1,敦善文化,Enrichment Programs,0,0,4000,A,A
2015,Sep,Sep-15,Q3,2015 Q3,多宝APP,Early Childhood Edu.,400,400,400,Seed/Angel,Seed/Angel
2016,Dec,Dec-16,Q4,2016 Q4,多乐小熊,Early Childhood Edu.,0,0,800,Seed/Angel,Seed/Angel
2018,Apr,Apr-18,Q2,2018 Q2,多乐小熊,Early Childhood Edu.,2000,2000,2000,Strategic Investment,Strategic Investment
2018,Mar,Mar-18,Q1,2018 Q1,多知网,Others,0,0,12000,B,B
2016,Apr,Apr-16,Q2,2016 Q2,朵儿网,Early Childhood Edu.,2000,2000,2000,B,B
2017,May,May-17,Q2,2017 Q2,番茄田艺术,Enrichment Programs,2000,2000,2000,A,A
2015,Apr,Apr-15,Q2,2015 Q2,凡学教育,Early Childhood Edu.,6370,6370,6370,A,A
2017,Dec,Dec-17,Q4,2017 Q4,泛艺学苑,Vocational Edu.,1000,1000,1000,Pre-A,Pre-A
2017,May,May-17,Q2,2017 Q2,方块熊乐园,Early Childhood Edu.,100,100,100,Seed/Angel,Seed/Angel
2018,Mar,Mar-18,Q1,2018 Q1,方体语文,K12,1000万人民币,1000,1000,Seed/Angel,Seed/Angel
2018,Aug,Aug-18,Q3,2018 Q3,方体语文,K12,未披露,5400,0,Pre-A,Pre-A
2017,Aug,Aug-17,Q3,2017 Q3,方圆众合教育,Vocational Edu.,3000,3000,3000,A,A
2018,Apr,Apr-18,Q2,2018 Q2,芳汀思,STEM,200,200,200,Seed/Angel,Seed/Angel
2017,Apr,Apr-17,Q2,2017 Q2,飞博教育,Language Learning,2000,2000,2000,A+,A
2018,May,May-18,Q2,2018 Q2,飞博教育,Language Learning,2000,2000,2000,Strategic Investment,Strategic Investment
2018,Oct,Oct-18,Q4,2018 Q4,飞航创客,STEM,数百万人民币,200,200,Seed/Angel,Seed/Angel
2018,Jul,Jul-18,Q3,2018 Q3,飞趣创造,STEM,数百万人民币,200,200,Seed/Angel,Seed/Angel
2015,Nov,Nov-15,Q4,2015 Q4,非常大脑,Enrichment Programs,1000,1000,1000,Seed/Angel,Seed/Angel
2018,Mar,Mar-18,Q1,2018 Q1,费米科学,STEM,2000,2000,2000,Pre-A,Pre-A
2018,Aug,Aug-18,Q3,2018 Q3,芬爱教育,Early Childhood Edu.,未透露,0,0,Seed/Angel,Seed/Angel
2018,Feb,Feb-18,Q1,2018 Q1,风向标教育,K12,0,0,12000,B,B
2018,Jan,Jan-18,Q1,2018 Q1,蜂巢电子积木,STEM,200,200,200,Seed/Angel,Seed/Angel
2018,Apr,Apr-18,Q2,2018 Q2,符号树,K12,200,200,200,Seed/Angel,Seed/Angel
2016,Dec,Dec-16,Q4,2016 Q4,辅导君,K12,2000,2000,2000,A,A
2015,Nov,Nov-15,Q4,2015 Q4,辅导团,K12,1000,1000,1000,A,A
2018,Feb,Feb-18,Q1,2018 Q1,辅仁淑凡,Others,2000,2000,2000,A,A
2015,Dec,Dec-15,Q4,2015 Q4,高考圈,K12,200,200,200,Seed/Angel,Seed/Angel
2016,Mar,Mar-16,Q1,2016 Q1,高考圈,K12,200,200,200,Pre-A,Pre-A
2018,Feb,Feb-18,Q1,2018 Q1,高木学习,K12,0,0,4000,A,A
2017,Dec,Dec-17,Q4,2017 Q4,高徒教育,K12,3000,3000,3000,Pre-A,Pre-A
2017,Dec,Dec-17,Q4,2017 Q4,高兴的小鸟,Early Childhood Edu.,400,400,400,Seed/Angel,Seed/Angel
2016,Sep,Sep-16,Q3,2016 Q3,格如灵,K12,600万人民币,600,600,Seed/Angel,Seed/Angel
2017,May,May-17,Q2,2017 Q2,格如灵,K12,千万级人民币,1000,1000,Pre-A,Pre-A
2018,May,May-18,Q2,2018 Q2,格如灵,K12,数千万人民币,2000,2000,A,A
2018,Sep,Sep-18,Q3,2018 Q3,格如灵,K12,数千万人民币,2000,2000,A+,A
2017,Oct,Oct-17,Q4,2017 Q4,根号教育,SaaS & Informatization,700万人民币,700,700,Seed/Angel,Seed/Angel
2018,Oct,Oct-18,Q4,2018 Q4,根号教育,SaaS & Informatization,1800万人民币,1800,1800,Pre-A,Pre-A
2018,Apr,Apr-18,Q2,2018 Q2,工程师爸爸,Early Childhood Edu.,3000,3000,3000,B,B
2018,Feb,Feb-18,Q1,2018 Q1,谷力天空,Enrichment Programs,200,200,200,Seed/Angel,Seed/Angel
2016,Nov,Nov-16,Q4,2016 Q4,光量子,K12,2040,2040,2040,Seed/Angel,Seed/Angel
2016,Mar,Mar-16,Q1,2016 Q1,国卫信安学院,Vocational Edu.,20,20,20,Seed/Angel,Seed/Angel
2014,Dec,Dec-14,Q4,2014 Q4,果壳网,Others,13000,13000,13000,C,C
2018,Mar,Mar-18,Q1,2018 Q1,孩盟国际儿童公馆,Early Childhood Edu.,0,0,4000,A,A
2014,Jul,Jul-14,Q3,2014 Q3,孩子学啥,Early Childhood Edu.,2000,2000,2000,A,A
2016,Jan,Jan-16,Q1,2016 Q1,海岸线文化,Study Abroad Services,未透露,0,0,A,A
2018,Aug,Aug-18,Q3,2018 Q3,海岸线文化,Study Abroad Services,未透露,0,0,B,B
2018,Jul,Jul-18,Q3,2018 Q3,海渡学院,Vocational Edu.,5400万人民币,5400,5400,A,A
2017,Dec,Dec-17,Q4,2017 Q4,海帆亲子游泳,Early Childhood Edu.,1000,1000,1000,A,A
2014,May,May-14,Q2,2014 Q2,海风教育,K12,600万人民币,600,600,A,A
2016,Mar,Mar-16,Q1,2016 Q1,海风教育,K12,未透露,0,0,Undiscloused,Undiscloused
2016,Jul,Jul-16,Q3,2016 Q3,海风教育,K12,千万级人民币,1000,1000,A+,A
2017,Jul,Jul-17,Q3,2017 Q3,海风教育,K12,数千万人民币,2000,2000,B,B
2018,Jan,Jan-18,Q1,2018 Q1,海风教育,K12,数千万美元,13000,13000,C,C
2018,Jul,Jul-18,Q3,2018 Q3,海风教育,K12,超1亿美元,50000,50000,C+,C
2018,Jan,Jan-18,Q1,2018 Q1,海伦七彩,Enrichment Programs,2636,2636,2636,Strategic Investment,Strategic Investment
2018,Aug,Aug-18,Q3,2018 Q3,海天高,K12,未透露,0,0,Seed/Angel,Seed/Angel
2018,Mar,Mar-18,Q1,2018 Q1,汉翔书法,Enrichment Programs,2000,2000,2000,A+,A
2017,Nov,Nov-17,Q4,2017 Q4,好动网球,Enrichment Programs,2000,2000,2000,A,A
2015,Oct,Oct-15,Q4,2015 Q4,好家长,K12,600,600,600,Seed/Angel,Seed/Angel
2015,Oct,Oct-15,Q4,2015 Q4,好老师联盟,K12,200,200,200,Seed/Angel,Seed/Angel
2018,Oct,Oct-18,Q4,2018 Q4,好前程,K12,200万人民币,200,200,Seed/Angel,Seed/Angel
2014,Mar,Mar-14,Q1,2014 Q1,好外教,Language Learning,200,200,200,Seed/Angel,Seed/Angel
2018,Sep,Sep-18,Q3,2018 Q3,好学家,K12,800万人民币,800,800,Seed/Angel,Seed/Angel
2014,May,May-14,Q2,2014 Q2,好学教育,Vocational Edu.,2000,2000,2000,B,B
2018,Aug,Aug-18,Q3,2018 Q3,好专业网,K12,5000万人民币,5000,5000,A,A
2017,Nov,Nov-17,Q4,2017 Q4,皓石教育,Study Abroad Services,1000,1000,1000,Pre-A,Pre-A
2018,Jul,Jul-18,Q3,2018 Q3,和鹭教育,Enrichment Programs,未透露,0,0,Seed/Angel,Seed/Angel
2017,Feb,Feb-17,Q1,2017 Q1,荷马教育,Enrichment Programs,10000,10000,10000,A,A
2018,Mar,Mar-18,Q1,2018 Q1,核桃编程,STEM,800,800,800,Pre-A,Pre-A
2018,Mar,Mar-18,Q1,2018 Q1,核桃编程,STEM,千万人民币,1000,1000,Pre-A,Pre-A
2018,Jul,Jul-18,Q3,2018 Q3,核桃编程,STEM,数千万人民币,2000,2000,A,A
2015,Nov,Nov-15,Q4,2015 Q4,嗨课,Paid Knowledge,500万人民币,500,500,Seed/Angel,Pre-A
2017,May,May-17,Q2,2017 Q2,嗨课,Paid Knowledge,1500,1500,1500,Pre-A,Pre-A
2017,Aug,Aug-17,Q3,2017 Q3,嗨课堂,K12,5000,5000,5000,A,A
2018,Jan,Jan-18,Q1,2018 Q1,嗨课堂,K12,6000,6000,6000,A+,A
2013,Dec,Dec-13,Q4,2013 Q4,嗨学网,Vocational Edu.,未透露,0,0,Seed/Angel,Seed/Angel
2015,Sep,Sep-15,Q3,2015 Q3,嗨学网,Vocational Edu.,未透露,0,0,B,B
2014,Dec,Dec-14,Q4,2014 Q4,嗨学网,Vocational Edu.,数百万美元,1300,1300,A,A
2017,May,May-17,Q2,2017 Q2,嗨学网,Vocational Edu.,未透露,0,0,C,C
2018,Jul,Jul-18,Q3,2018 Q3,嗨学网,Vocational Edu.,未透露,0,0,D,D
2015,Jul,Jul-15,Q3,2015 Q3,嘿哈科技,Early Childhood Edu.,0,0,800,Seed/Angel,Seed/Angel
2016,May,May-16,Q2,2016 Q2,嘿哈科技,Early Childhood Edu.,2000,2000,2000,A,A
2015,Jun,Jun-15,Q2,2015 Q2,嘿设汇 / 迅牛科技,Vocational Edu.,200,200,200,Seed/Angel,Seed/Angel
2015,Dec,Dec-15,Q4,2015 Q4,嘿设汇 / 迅牛科技,Vocational Edu.,1000,1000,1000,Pre-A,Pre-A
2017,Feb,Feb-17,Q1,2017 Q1,嘿设汇 / 迅牛科技,Vocational Edu.,550,550,550,Strategic Investment,Strategic Investment
2017,Aug,Aug-17,Q3,2017 Q3,嘿设汇 / 迅牛科技,Vocational Edu.,1000,1000,1000,A,A
2018,Oct,Oct-18,Q4,2018 Q4,很牛,Others,200万人民币,200,200,Seed/Angel,Seed/Angel
2018,May,May-18,Q2,2018 Q2,亨嘉之会,Enrichment Programs,0,0,800,Seed/Angel,Seed/Angel
2017,Oct,Oct-17,Q4,2017 Q4,恒一文化,Vocational Edu.,10000,10000,10000,A,A
2016,Jul,Jul-16,Q3,2016 Q3,弘成教育,Higher Edu.,0,0,20000,Pre-IPO,Pre-IPO
2015,Sep,Sep-15,Q3,2015 Q3,呼叫老师,K12,1000,1000,1000,Seed/Angel,Seed/Angel
2017,Mar,Mar-17,Q1,2017 Q1,互联派,Vocational Edu.,200,200,200,Seed/Angel,Seed/Angel
2017,Aug,Aug-17,Q3,2017 Q3,互联派,Vocational Edu.,200,200,200,Pre-A,Pre-A
2018,Jun,Jun-18,Q2,2018 Q2,华罗庚网校,K12,1000,1000,1000,Seed/Angel,Seed/Angel
2017,Jul,Jul-17,Q3,2017 Q3,华蒙星体育,Enrichment Programs,100,100,100,Seed/Angel,Seed/Angel
2018,Jan,Jan-18,Q1,2018 Q1,华蒙星体育,Enrichment Programs,200,200,200,A,A
2017,Jan,Jan-17,Q1,2017 Q1,画吧,Enrichment Programs,1000,1000,1000,Pre-A,Pre-A
2015,Aug,Aug-15,Q3,2015 Q3,画啦啦少儿美术课堂,Enrichment Programs,200,200,200,Seed/Angel,Seed/Angel
2017,Aug,Aug-17,Q3,2017 Q3,画啦啦少儿美术课堂,Enrichment Programs,1000,1000,1000,A,A
2018,Jun,Jun-18,Q2,2018 Q2,画啦啦少儿美术课堂,Enrichment Programs,2000,2000,2000,A+,A
2015,Sep,Sep-15,Q3,2015 Q3,坏男孩学院,Enrichment Programs,500,500,500,Seed/Angel,Seed/Angel
2015,Nov,Nov-15,Q4,2015 Q4,欢拓科技,SaaS & Informatization,2000,2000,2000,A,A
2018,Aug,Aug-18,Q3,2018 Q3,环球网校,Vocational Edu.,未透露,0,0,Strategic Investment,Strategic Investment
2017,Dec,Dec-17,Q4,2017 Q4,环球优学,K12,1020,1020,1020,新三板,NEEQ Fund-raising
2014,Sep,Sep-14,Q3,2014 Q3,环讯教育,Language Learning,0,0,6000,Undiscloused,Undiscloused
2018,May,May-18,Q2,2018 Q2,幻尔科技,STEM,2000,2000,2000,Seed/Angel,Seed/Angel
2018,May,May-18,Q2,2018 Q2,黄埔区块链培训学院,Vocational Edu.,0,0,800,Seed/Angel,Seed/Angel
2018,Mar,Mar-18,Q1,2018 Q1,黄埔在线,Enrichment Programs,2000,2000,2000,Strategic Investment,Strategic Investment
2016,Aug,Aug-16,Q3,2016 Q3,会计乐,Vocational Edu.,2000,2000,2000,A,A
2017,Mar,Mar-17,Q1,2017 Q1,慧话宝,Language Learning,数百万人民币,200,200,Seed/Angel,Seed/Angel
2018,Jul,Jul-18,Q3,2018 Q3,慧话宝,Language Learning,未透露,0,0,A,A
2018,Aug,Aug-18,Q3,2018 Q3,慧科教育,Language Learning,2000万美元,13000,13000,A,A
2018,Aug,Aug-18,Q3,2018 Q3,慧科教育,Language Learning,3亿人民币,30000,30000,B,B
2018,Aug,Aug-18,Q3,2018 Q3,慧科教育,Language Learning,未披露,0,0,C,C
2018,Aug,Aug-18,Q3,2018 Q3,慧科教育,Language Learning,未披露,0,0,D,D
2016,Dec,Dec-16,Q4,2016 Q4,慧司考,Vocational Edu.,200,200,200,Seed/Angel,Seed/Angel
2017,Nov,Nov-17,Q4,2017 Q4,火火兔,Early Childhood Edu.,10000,10000,10000,A,A
2017,Jan,Jan-17,Q1,2017 Q1,火星人俱乐部,STEM,2000,2000,2000,A,A
2017,Nov,Nov-17,Q4,2017 Q4,火星人俱乐部,STEM,200,200,200,Strategic Investment,Strategic Investment
2018,Jun,Jun-18,Q2,2018 Q2,火星人俱乐部,STEM,1000,1000,1000,A+,A
2018,Jan,Jan-18,Q1,2018 Q1,火星时代,Vocational Edu.,8415,8415,8415,Strategic Investment,Strategic Investment
2014,Dec,Dec-14,Q4,2014 Q4,叽里呱啦,Language Learning,0,0,800,Undiscloused,Undiscloused
2016,Apr,Apr-16,Q2,2016 Q2,叽里呱啦,Language Learning,2000,2000,2000,A,A
2018,May,May-18,Q2,2018 Q2,积木宝贝,Early Childhood Edu.,2000,2000,2000,Seed/Angel,Seed/Angel
2018,Mar,Mar-18,Q1,2018 Q1,积云教育,Vocational Edu.,2000,2000,2000,A,A
2017,Aug,Aug-17,Q3,2017 Q3,极客晨星,STEM,200,200,200,Pre-A,Pre-A
2018,Jan,Jan-18,Q1,2018 Q1,极客晨星,STEM,2000,2000,2000,A,A
2018,Jun,Jun-18,Q2,2018 Q2,极客教育,STEM,1000,1000,1000,Seed/Angel,Seed/Angel
2014,Sep,Sep-14,Q3,2014 Q3,极客学院,Vocational Edu.,14300,14300,14300,B,B
2015,Mar,Mar-15,Q1,2015 Q1,极课大数据,SaaS & Informatization,未披露,0,0,Seed/Angel,Seed/Angel
2015,Dec,Dec-15,Q4,2015 Q4,极课大数据,SaaS & Informatization,未披露,0,0,Pre-A,Pre-A
2016,Aug,Aug-16,Q3,2016 Q3,极课大数据,SaaS & Informatization,数千万人民币,2000,2000,A,A
2017,Oct,Oct-17,Q4,2017 Q4,极课大数据,SaaS & Informatization,1亿人民币,10000,10000,B,B
2018,Sep,Sep-18,Q3,2018 Q3,极课大数据,SaaS & Informatization,未透露,0,0,C,C
2018,Feb,Feb-18,Q1,2018 Q1,集思学院,Vocational Edu.,2000,2000,2000,Pre-A,Pre-A
2014,Oct,Oct-14,Q4,2014 Q4,计蒜客,Vocational Edu.,2000,2000,2000,Pre-A,Pre-A
2018,Jun,Jun-18,Q2,2018 Q2,计蒜客,Vocational Edu.,2000,2000,2000,B,B
2015,Jul,Jul-15,Q3,2015 Q3,记忆便签,K12,0,0,800,Seed/Angel,Seed/Angel
2014,Oct,Oct-14,Q4,2014 Q4,佳一教育,K12,1000,1000,1000,A,A
2017,Jun,Jun-17,Q2,2017 Q2,家长慕课,Paid Knowledge,200,200,200,Seed/Angel,Seed/Angel
2017,Dec,Dec-17,Q4,2017 Q4,嘉宾传媒,Vocational Edu.,2000,2000,2000,Pre-A,Pre-A
2017,Oct,Oct-17,Q4,2017 Q4,价值立方,Vocational Edu.,500万人民币,500,500,Seed/Angel,Seed/Angel
2018,Sep,Sep-18,Q3,2018 Q3,价值立方,Vocational Edu.,未透露,0,0,Strategic Investment,Strategic Investment
2015,Feb,Feb-15,Q1,2015 Q1,驾考团,Vocational Edu.,2000,2000,2000,A,A
2017,Jul,Jul-17,Q3,2017 Q3,坚小持微课,Language Learning,0,0,800,Seed/Angel,Seed/Angel
2018,Jul,Jul-18,Q3,2018 Q3,坚小持微课,Language Learning,1000万人民币,1000,1000,Pre-A,Pre-A
2017,Jan,Jan-17,Q1,2017 Q1,见教传媒,Paid Knowledge,200,200,200,Seed/Angel,Seed/Angel
2018,Oct,Oct-18,Q4,2018 Q4,江苏圣陶教育,SaaS & Informatization,5000万人民币,5000,5000,A,A
2018,Feb,Feb-18,Q1,2018 Q1,匠驴智能作业狗,K12,2000,2000,2000,Pre-A,Pre-A
2016,Apr,Apr-16,Q2,2016 Q2,交流通,Language Learning,100万人民币,100,100,Seed/Angel,Seed/Angel
2017,May,May-17,Q2,2017 Q2,交流通,Language Learning,未披露,0,0,Pre-A,Pre-A
2018,Aug,Aug-18,Q3,2018 Q3,交流通,Language Learning,1000万人民币,1000,1000,A,A
2015,Apr,Apr-15,Q2,2015 Q2,骄阳星天纪,Early Childhood Edu.,200,200,200,Seed/Angel,Seed/Angel
2016,May,May-16,Q2,2016 Q2,叫师网,K12,600,600,600,Seed/Angel,Seed/Angel
2018,May,May-18,Q2,2018 Q2,教渠邦,Others,0,0,800,Seed/Angel,Seed/Angel
2018,Jan,Jan-18,Q1,2018 Q1,教宜优,SaaS & Informatization,200,200,200,Seed/Angel,Seed/Angel
2016,Jan,Jan-16,Q1,2016 Q1,杰睿教育,K12,2.6亿人民币,26000,26000,Pre-A,Pre-A
2018,Jul,Jul-18,Q3,2018 Q3,杰睿教育,K12,1.3亿人民币,13000,13000,A,A
2017,Mar,Mar-17,Q1,2017 Q1,今星秀,Enrichment Programs,0,0,800,Seed/Angel,Seed/Angel
2018,May,May-18,Q2,2018 Q2,金融先生,Vocational Edu.,200,200,200,Seed/Angel,Seed/Angel
2018,Feb,Feb-18,Q1,2018 Q1,金色雨林,Others,2000,2000,2000,A,A
2016,Nov,Nov-16,Q4,2016 Q4,金英杰教育,Vocational Edu.,5000,5000,5000,B,B
2018,Aug,Aug-18,Q3,2018 Q3,精准学,K12,2000万人民币,2000,2000,Seed/Angel,Seed/Angel
2018,Apr,Apr-18,Q2,2018 Q2,鲸打卡,Paid Knowledge,1000,1000,1000,Pre-A,Pre-A
2018,Jun,Jun-18,Q2,2018 Q2,鲸打卡,Paid Knowledge,2000,2000,2000,A,A
2017,Jun,Jun-17,Q2,2017 Q2,鲸鱼小班,Language Learning,1500万人民币,1500,1500,Pre-A,Pre-A
2018,Jul,Jul-18,Q3,2018 Q3,鲸鱼小班,Language Learning,1000万美元,6500,6500,A,A
2018,Oct,Oct-18,Q4,2018 Q4,竞级学院,Vocational Edu.,100万人民币,100,100,Seed/Angel,Seed/Angel
2017,Oct,Oct-17,Q4,2017 Q4,静医生,Early Childhood Edu.,350,350,350,Seed/Angel,Seed/Angel
2014,Jun,Jun-14,Q2,2014 Q2,九龙蓝海科技,Early Childhood Edu.,10000,10000,10000,A,A
2018,Jul,Jul-18,Q3,2018 Q3,久明教你管孩子,Enrichment Programs,200万人民币,200,200,Seed/Angel,Seed/Angel
2014,Jul,Jul-14,Q3,2014 Q3,巨人教育,K12,0,0,6000,Undiscloused,Undiscloused
2017,Mar,Mar-17,Q1,2017 Q1,巨石达阵,Enrichment Programs,2000,2000,2000,A,A
2014,Oct,Oct-14,Q4,2014 Q4,句酷批改网,Language Learning,1000,1000,1000,A,A
2018,Jan,Jan-18,Q1,2018 Q1,聚思教育,Enrichment Programs,200,200,200,Seed/Angel,Seed/Angel
2017,Jun,Jun-17,Q2,2017 Q2,咔哒故事,Early Childhood Edu.,2000,2000,2000,Pre-A,Pre-A
2014,Feb,Feb-14,Q1,2014 Q1,开课吧,Vocational Edu.,13000,13000,13000,A,A
2016,Mar,Mar-16,Q1,2016 Q1,开心药师,Vocational Edu.,20,20,20,Seed/Angel,Seed/Angel
2016,Jun,Jun-16,Q2,2016 Q2,凯恩备考,Language Learning,1000,1000,1000,Seed/Angel,Seed/Angel
2018,Feb,Feb-18,Q1,2018 Q1,凯斯国际幼儿园,Early Childhood Edu.,10000,10000,10000,A,A
2015,Jul,Jul-15,Q3,2015 Q3,看娃娃,Early Childhood Edu.,3000,3000,3000,Pre-A,Pre-A
2015,Jul,Jul-15,Q3,2015 Q3,看娃娃,Early Childhood Edu.,200,200,200,Seed/Angel,Seed/Angel
2016,May,May-16,Q2,2016 Q2,康康网络,Paid Knowledge,1100,1100,1100,A,A
2015,May,May-15,Q2,2015 Q2,考虫英语,Language Learning,数百万美元,1300,1300,A,A
2016,Sep,Sep-16,Q3,2016 Q3,考虫英语,Language Learning,800万美元,5200,5200,B,B
2018,Mar,Mar-18,Q1,2018 Q1,考虫英语,Language Learning,2000万美元,13000,13000,C,C
2018,Sep,Sep-18,Q3,2018 Q3,考虫英语,Language Learning,5500万美元,35750,35750,D,D
2016,Sep,Sep-16,Q3,2016 Q3,考拉阅读,K12,400万人民币,400,400,Seed/Angel,Seed/Angel
2017,Aug,Aug-17,Q3,2017 Q3,考拉阅读,K12,3000万人民币,2000,2000,Pre-A,Pre-A
2017,Dec,Dec-17,Q4,2017 Q4,考拉阅读,K12,千万级美元,5200,5200,A,A
2018,Aug,Aug-18,Q3,2018 Q3,考拉阅读,K12,2000万美元,13000,13000,B+,B
2016,Aug,Aug-16,Q3,2016 Q3,考试星,SaaS & Informatization,未披露,0,0,Seed/Angel,Seed/Angel
2017,May,May-17,Q2,2017 Q2,考试星,SaaS & Informatization,数百万人民币,200,200,Seed/Angel,Seed/Angel
2018,Aug,Aug-18,Q3,2018 Q3,考试星,SaaS & Informatization,600万人民币,600,600,Pre-A,Pre-A
2018,May,May-18,Q2,2018 Q2,科学队长,STEM,3000,3000,3000,A,A
2018,Apr,Apr-18,Q2,2018 Q2,科学家在线,Paid Knowledge,0,0,4000,A,A
2016,Nov,Nov-16,Q4,2016 Q4,可爱学,Early Childhood Edu.,0,0,12000,Pre-B,B
2016,Jan,Jan-16,Q1,2016 Q1,课观教育,Vocational Edu.,数十万人民币,20,20,Seed/Angel,Seed/Angel
2018,Apr,Apr-18,Q2,2018 Q2,课观教育,Vocational Edu.,千万级人民币,1000,1000,Seed/Angel,Seed/Angel
2018,Sep,Sep-18,Q3,2018 Q3,课观教育,Vocational Edu.,千万级人民币,1000,1000,A,A
2016,Sep,Sep-16,Q3,2016 Q3,课外喵,K12,3000,3000,3000,A,A
2017,Jul,Jul-17,Q3,2017 Q3,课窝教育,Language Learning,2000,2000,2000,A,A
2016,May,May-16,Q2,2016 Q2,课栈网,Paid Knowledge,8000,8000,8000,A,A
2017,Apr,Apr-17,Q2,2017 Q2,空天量子,K12,500,500,500,Seed/Angel,Seed/Angel
2015,Sep,Sep-15,Q3,2015 Q3,孔夫子,Enrichment Programs,200,200,200,Seed/Angel,Seed/Angel
2017,Mar,Mar-17,Q1,2017 Q1,口袋家校,SaaS & Informatization,200,200,200,Seed/Angel,Seed/Angel
2018,May,May-18,Q2,2018 Q2,口袋鼠,K12,500,500,500,Seed/Angel,Seed/Angel
2015,Sep,Sep-15,Q3,2015 Q3,口袋题库,Higher Edu.,200,200,200,Seed/Angel,Seed/Angel
2015,Oct,Oct-15,Q4,2015 Q4,口袋题库,Higher Edu.,1000,1000,1000,A,A
2015,Jul,Jul-15,Q3,2015 Q3,口袋自考,Higher Edu.,0,0,800,Seed/Angel,Seed/Angel
2015,Jun,Jun-15,Q2,2015 Q2,口语100,Language Learning,2000,2000,2000,B,B
2018,Apr,Apr-18,Q2,2018 Q2,酷码教育,STEM,0,0,800,Seed/Angel,Seed/Angel
2014,Aug,Aug-14,Q3,2014 Q3,跨考锐职,Vocational Edu.,3000,3000,3000,Undiscloused,Undiscloused
2014,Sep,Sep-14,Q3,2014 Q3,快客,SaaS & Informatization,100,100,100,Seed/Angel,Seed/Angel
2018,Apr,Apr-18,Q2,2018 Q2,快乐世界教育,Early Childhood Edu.,0,0,4000,A,A
2014,Mar,Mar-14,Q1,2014 Q1,快乐学,K12,3250,3250,3250,A,A
2018,May,May-18,Q2,2018 Q2,快乐种子,STEM,2000,2000,2000,Pre-A,Pre-A
2018,Aug,Aug-18,Q3,2018 Q3,快陪练,Enrichment Programs,5000万人民币,5000,5000,Seed/Angel,Seed/Angel
2018,May,May-18,Q2,2018 Q2,拉扎斯文化传媒,Vocational Edu.,150,150,150,Seed/Angel,Seed/Angel
2018,Sep,Sep-18,Q3,2018 Q3,来offer,Vocational Edu.,数千万人民币,2000,2000,A,A
2017,Mar,Mar-17,Q1,2017 Q1,莱特兄弟,Enrichment Programs,数千万人民币,2000,2000,Pre-A,Pre-A
2018,Sep,Sep-18,Q3,2018 Q3,莱特兄弟,Enrichment Programs,6000万,6000,6000,A,A
2017,Nov,Nov-17,Q4,2017 Q4,兰博文体育,Enrichment Programs,2000,2000,2000,Pre-A,Pre-A
2018,Jul,Jul-18,Q3,2018 Q3,蓝蘑菇,Enrichment Programs,未透露,0,0,Seed/Angel,Seed/Angel
2017,Sep,Sep-17,Q3,2017 Q3,蓝墨科技,Higher Edu.,2000,2000,2000,A,A
2017,Mar,Mar-17,Q1,2017 Q1,蓝帕科技,SaaS & Informatization,5400,5400,5400,A,A
2016,Nov,Nov-16,Q4,2016 Q4,蓝铅笔,Enrichment Programs,2000,2000,2000,A,A
2018,Jun,Jun-18,Q2,2018 Q2,蓝橡树,Study Abroad Services,2000,2000,2000,Pre-A,Pre-A
2015,Oct,Oct-15,Q4,2015 Q4,琅琅,Language Learning,1000,1000,1000,A,A
2016,Jul,Jul-16,Q3,2016 Q3,朗播网,Language Learning,2000,2000,2000,A,A
2018,Mar,Mar-18,Q1,2018 Q1,朗恩儿童美语,Language Learning,2000,2000,2000,Seed/Angel,Seed/Angel
2017,Dec,Dec-17,Q4,2017 Q4,朗鹰教育,Language Learning,2000,2000,2000,A,A
2016,Jan,Jan-16,Q1,2016 Q1,老A电商学院,Vocational Edu.,14000,14000,14000,A,A
2015,Jun,Jun-15,Q2,2015 Q2,老师好-师全师美,K12,6370,6370,6370,A,A
2015,Aug,Aug-15,Q3,2015 Q3,老师好-师全师美,K12,0,0,6370,A+,A
2014,Apr,Apr-14,Q2,2014 Q2,乐博乐博机器人,STEM,1000,1000,1000,Pre-A,Pre-A
2015,Apr,Apr-15,Q2,2015 Q2,乐博乐博机器人,STEM,1800,1800,1800,Strategic Investment,Strategic Investment
2017,Dec,Dec-17,Q4,2017 Q4,乐恩教育,K12,2000,2000,2000,A,A
2015,Jun,Jun-15,Q2,2015 Q2,乐乐课堂,K12,3185,3185,3185,A,A
2015,Sep,Sep-15,Q3,2015 Q3,乐乐课堂,K12,12740,12740,12740,B,B
2016,Jan,Jan-16,Q1,2016 Q1,乐乐课堂,K12,2000,2000,2000,B+,B
2016,Sep,Sep-16,Q3,2016 Q3,乐思塾,Early Childhood Edu.,6600,6600,6600,B,B
2017,Aug,Aug-17,Q3,2017 Q3,乐斯教育,Enrichment Programs,2000,2000,2000,Seed/Angel,Seed/Angel
2015,Sep,Sep-15,Q3,2015 Q3,乐学高考,K12,2548,2548,2548,Seed/Angel,Seed/Angel
2018,Jun,Jun-18,Q2,2018 Q2,乐学习,Language Learning,1000,1000,1000,Pre-A,Pre-A
2017,May,May-17,Q2,2017 Q2,乐智机器人,STEM,1000万人民币,1000,1000,Seed/Angel,Seed/Angel
2017,Aug,Aug-17,Q3,2017 Q3,乐智机器人,STEM,数千万人民币,2000,2000,Pre-A,Pre-A
2018,Sep,Sep-18,Q3,2018 Q3,乐智机器人,STEM,1500万人民币,1500,1500,Strategic Investment,Strategic Investment
2015,Nov,Nov-15,Q4,2015 Q4,狸米学习,K12,1274,1274,1274,Seed/Angel,Seed/Angel
2016,Dec,Dec-16,Q4,2016 Q4,狸米学习,K12,5000,5000,5000,A,A
2017,Apr,Apr-17,Q2,2017 Q2,理优1对1,K12,2000,2000,2000,A,A
2018,Aug,Aug-18,Q3,2018 Q3,力翰科学,STEM,数千万人民币,2000,2000,A,A
2017,Apr,Apr-17,Q2,2017 Q2,荔枝微课,Paid Knowledge,6800,6800,6800,A,A
2018,Jun,Jun-18,Q2,2018 Q2,联帮在线,Language Learning,0,0,12000,B,B
2016,Dec,Dec-16,Q4,2016 Q4,联创中控,Higher Edu.,0,0,800,Seed/Angel,Seed/Angel
2018,Apr,Apr-18,Q2,2018 Q2,炼金术学堂,Vocational Edu.,200,200,200,Seed/Angel,Seed/Angel
2017,Jun,Jun-17,Q2,2017 Q2,量子学派,SaaS & Informatization,500,500,500,Seed/Angel,Seed/Angel
2015,Apr,Apr-15,Q2,2015 Q2,猎掌门,Vocational Edu.,200,200,200,Seed/Angel,Seed/Angel
2015,Jul,Jul-15,Q3,2015 Q3,邻师,K12,300,300,300,Seed/Angel,Seed/Angel
2015,Jun,Jun-15,Q2,2015 Q2,凌声芯语音,SaaS & Informatization,2000,2000,2000,A,A
2017,Dec,Dec-17,Q4,2017 Q4,领世培优,K12,1500,1500,1500,A,A
2017,Apr,Apr-17,Q2,2017 Q2,留学府,Study Abroad Services,200,200,200,Seed/Angel,Seed/Angel
2017,Mar,Mar-17,Q1,2017 Q1,柳橙网,Study Abroad Services,1784,1784,1784,新三板,NEEQ Fund-raising
2018,Oct,Oct-18,Q4,2018 Q4,龙之门教育,K12,1亿人民币,10000,10000,A,A
2017,Jun,Jun-17,Q2,2017 Q2,录趣,K12,300,300,300,Seed/Angel,Seed/Angel
2018,Jun,Jun-18,Q2,2018 Q2,录趣,K12,1500,1500,1500,A,A
2015,Mar,Mar-15,Q1,2015 Q1,罗辑思维,Others,0,0,12000,B,B
2014,Sep,Sep-14,Q3,2014 Q3,萝卜太辣,STEM,200,200,200,Seed/Angel,Seed/Angel
2017,Feb,Feb-17,Q1,2017 Q1,萝卜屯,STEM,1000,1000,1000,Seed/Angel,Seed/Angel
2018,Apr,Apr-18,Q2,2018 Q2,洛克公园,Enrichment Programs,7000,7000,7000,B+,B
2018,Mar,Mar-18,Q1,2018 Q1,绿橙幼儿园,Early Childhood Edu.,5000,5000,5000,A,A
2017,Oct,Oct-17,Q4,2017 Q4,玛瑞欧教育,Language Learning,200,200,200,Seed/Angel,Seed/Angel
2018,Apr,Apr-18,Q2,2018 Q2,码高机器人,STEM,2000,2000,2000,Pre-A,Pre-A
2018,May,May-18,Q2,2018 Q2,码力玩加,STEM,0,0,4000,A,A
2018,Sep,Sep-18,Q3,2018 Q3,迈德国际成长中心,Enrichment Programs,数百万人民币,200,200,Pre-A,Pre-A
2018,Jan,Jan-18,Q1,2018 Q1,迈格森国际教育,Language Learning,5635,5635,5635,Seed/Angel,Seed/Angel
2014,Jul,Jul-14,Q3,2014 Q3,麦可网,Vocational Edu.,1000,1000,1000,A,A
2014,Dec,Dec-14,Q4,2014 Q4,麦可在线,Early Childhood Edu.,4000,4000,4000,Undiscloused,Undiscloused
2018,Jun,Jun-18,Q2,2018 Q2,麦麦养成教育,Enrichment Programs,200,200,200,Seed/Angel,Seed/Angel
2018,Sep,Sep-18,Q3,2018 Q3,麦斯数学,Enrichment Programs,数千万人民币,2000,2000,Pre-A,Pre-A
2015,Jun,Jun-15,Q2,2015 Q2,麦淘亲子,Enrichment Programs,4000,4000,4000,A,A
2017,Feb,Feb-17,Q1,2017 Q1,麦淘亲子,Enrichment Programs,7000,7000,7000,B,B
2018,Oct,Oct-18,Q4,2018 Q4,麦田里,Language Learning,500万人民币,500,500,A,A
2015,Nov,Nov-15,Q4,2015 Q4,麦子学院,Vocational Edu.,10000,10000,10000,B,B
2018,Jun,Jun-18,Q2,2018 Q2,卖家成长网,Vocational Edu.,2000,2000,2000,A,A
2014,Apr,Apr-14,Q2,2014 Q2,每日瑜伽,Enrichment Programs,1000,1000,1000,Seed/Angel,Seed/Angel
2016,Jun,Jun-16,Q2,2016 Q2,美联英语,Language Learning,17000,17000,17000,Undiscloused,Undiscloused
2018,Apr,Apr-18,Q2,2018 Q2,美世教育,Study Abroad Services,6000,6000,6000,A,A
2014,Dec,Dec-14,Q4,2014 Q4,美术宝,Enrichment Programs,460万美元,2990,2990,A,A
2015,Dec,Dec-15,Q4,2015 Q4,美术宝,Enrichment Programs,6600万人民币,6600,6600,Pre-B,B
2016,Sep,Sep-16,Q3,2016 Q3,美术宝,Enrichment Programs,5200万人民币,5200,5200,B,B
2018,Oct,Oct-18,Q4,2018 Q4,美术宝,Enrichment Programs,1500万美元,9750,9750,B+,B
2018,Sep,Sep-18,Q3,2018 Q3,美语之星,Language Learning,1000万人民币,1000,1000,Pre-A,Pre-A
2017,Dec,Dec-17,Q4,2017 Q4,美悦钢琴,Enrichment Programs,1200,1200,1200,Pre-A,Pre-A
2016,Jan,Jan-16,Q1,2016 Q1,萌番日语,Language Learning,未透露,0,0,Seed/Angel,Seed/Angel
2017,Mar,Mar-17,Q1,2017 Q1,萌番日语,Language Learning,未透露,0,0,Pre-A,Pre-A
2018,Jul,Jul-18,Q3,2018 Q3,萌番日语,Language Learning,未透露,0,0,A,A
2014,Nov,Nov-14,Q4,2014 Q4,萌码网,Vocational Edu.,100,100,100,Seed/Angel,Seed/Angel
2018,Jul,Jul-18,Q3,2018 Q3,蒙迪教育,Early Childhood Edu.,未透露,0,0,Strategic Investment,Strategic Investment
2017,Mar,Mar-17,Q1,2017 Q1,梦想之巅,Enrichment Programs,2000,2000,2000,A,A
2016,Jan,Jan-16,Q1,2016 Q1,梦芽教育,Early Childhood Edu.,1000,1000,1000,A,A
2014,Apr,Apr-14,Q2,2014 Q2,米豆科技,Study Abroad Services,650,650,650,Seed/Angel,Seed/Angel
2016,Aug,Aug-16,Q3,2016 Q3,米盒,Higher Edu.,200,200,200,Seed/Angel,Seed/Angel
2014,Sep,Sep-14,Q3,2014 Q3,米科互动,K12,1000,1000,1000,Seed/Angel,Seed/Angel
2015,Sep,Sep-15,Q3,2015 Q3,米学网,K12,200,200,200,Seed/Angel,Seed/Angel
2018,Jul,Jul-18,Q3,2018 Q3,喵姐早教说,Paid Knowledge,未透露,0,0,A,A
2015,Nov,Nov-15,Q4,2015 Q4,喵爪,STEM,1000,1000,1000,Pre-A,Pre-A
2017,Dec,Dec-17,Q4,2017 Q4,妙小程,STEM,数百万人民币,200,200,Seed/Angel,Seed/Angel
2018,Apr,Apr-18,Q2,2018 Q2,妙小程,STEM,1600万人民币,1600,1600,Pre-A,Pre-A
2018,Sep,Sep-18,Q3,2018 Q3,妙小程,STEM,1000万美元,6500,6500,A,A
2015,Jun,Jun-15,Q2,2015 Q2,名师宝,K12,3000,3000,3000,Seed/Angel,Seed/Angel
2018,May,May-18,Q2,2018 Q2,摩登大自然,Enrichment Programs,2000,2000,2000,Pre-A,Pre-A
2018,Jul,Jul-18,Q3,2018 Q3,魔岛英语,Language Learning,未透露,0,0,Seed/Angel,Seed/Angel
2014,Jul,Jul-14,Q3,2014 Q3,魔方英语,Language Learning,1300,1300,1300,A,A
2017,Mar,Mar-17,Q1,2017 Q1,魔力耳朵,Language Learning,1000万人民币,1000,1000,Seed/Angel,Seed/Angel
2017,Aug,Aug-17,Q3,2017 Q3,魔力耳朵,Language Learning,4000万人民币,4000,4000,Pre-A,Pre-A
2018,Jul,Jul-18,Q3,2018 Q3,魔力耳朵,Language Learning,1.2亿人民币,12000,12000,A,A
2014,Sep,Sep-14,Q3,2014 Q3,魔力学院,Language Learning,0,0,800,Seed/Angel,Seed/Angel
2018,Apr,Apr-18,Q2,2018 Q2,魔术先生,Vocational Edu.,0,0,4000,A,A
2018,Mar,Mar-18,Q1,2018 Q1,母婴行业观察,Early Childhood Edu.,800,800,800,Seed/Angel,Seed/Angel
2017,Feb,Feb-17,Q1,2017 Q1,慕华尚测,K12,3000,3000,3000,Undiscloused,Undiscloused
2018,Jan,Jan-18,Q1,2018 Q1,纳豆之家,Study Abroad Services,0,0,800,Seed/Angel,Seed/Angel
2018,Feb,Feb-18,Q1,2018 Q1,南博教育,SaaS & Informatization,300,300,300,Seed/Angel,Seed/Angel
2017,Jan,Jan-17,Q1,2017 Q1,南京储君教育,Early Childhood Edu.,5000,5000,5000,Undiscloused,Undiscloused
2015,May,May-15,Q2,2015 Q2,能动英语,Language Learning,3000,3000,3000,Strategic Investment,Strategic Investment
2016,Sep,Sep-16,Q3,2016 Q3,能力天空,SaaS & Informatization,8000,8000,8000,C,C
2018,Aug,Aug-18,Q3,2018 Q3,柠檬悦读,K12,5000万人民币,5000,5000,Seed/Angel,Seed/Angel
2016,Jan,Jan-16,Q1,2016 Q1,牛班网,Enrichment Programs,1820,1820,1820,A,A
2014,Dec,Dec-14,Q4,2014 Q4,牛客网,Vocational Edu.,0,0,400,Seed/Angel,Seed/Angel
2016,Jul,Jul-16,Q3,2016 Q3,牛客网,Vocational Edu.,1000,1000,1000,Pre-A,Pre-A
2018,Mar,Mar-18,Q1,2018 Q1,牛客网,Vocational Edu.,2000,2000,2000,A,A
2018,May,May-18,Q2,2018 Q2,牛牛成长,Enrichment Programs,2000,2000,2000,Pre-A,Pre-A
2017,Mar,Mar-17,Q1,2017 Q1,纽诺育儿,Early Childhood Edu.,1000,1000,1000,Pre-A,Pre-A
2018,Apr,Apr-18,Q2,2018 Q2,纽诺育儿,Early Childhood Edu.,6500,6500,6500,A,A
2015,Jun,Jun-15,Q2,2015 Q2,诺贝儿教育,Early Childhood Edu.,2000,2000,2000,A,A
2016,Oct,Oct-16,Q4,2016 Q4,诺贝儿教育,Early Childhood Edu.,7500,7500,7500,B,B
2017,Jun,Jun-17,Q2,2017 Q2,诺博教育,Early Childhood Edu.,4290,4290,4290,A,A
2016,Dec,Dec-16,Q4,2016 Q4,欧美思,SaaS & Informatization,5000,5000,5000,A,A
2018,Feb,Feb-18,Q1,2018 Q1,欧美思,SaaS & Informatization,15000,15000,15000,B,B
2016,Sep,Sep-16,Q3,2016 Q3,派希PACEE,Enrichment Programs,100,100,100,Seed/Angel,Seed/Angel
2018,Jun,Jun-18,Q2,2018 Q2,派学车,Vocational Edu.,0,0,5000,Strategic Investment,Strategic Investment
2017,Jun,Jun-17,Q2,2017 Q2,湃乐思教育,Enrichment Programs,200,200,200,Seed/Angel,Seed/Angel
2014,Mar,Mar-14,Q1,2014 Q1,泡面吧,Vocational Edu.,200,200,200,Seed/Angel,Seed/Angel
2014,Nov,Nov-14,Q4,2014 Q4,陪读学堂,K12,1000,1000,1000,A,A
2015,Sep,Sep-15,Q3,2015 Q3,陪你练,Enrichment Programs,382,382,382,Seed/Angel,Seed/Angel
2015,Aug,Aug-15,Q3,2015 Q3,陪你学古筝,Enrichment Programs,20,20,20,Seed/Angel,Seed/Angel
2018,Jun,Jun-18,Q2,2018 Q2,皮皮鱼少儿英语,Language Learning,8000,8000,8000,Pre-A,Pre-A
2015,Aug,Aug-15,Q3,2015 Q3,皮影客,Enrichment Programs,0,0,680,Seed/Angel,Seed/Angel
2017,Jul,Jul-17,Q3,2017 Q3,皮影客,Enrichment Programs,1700,1700,1700,A,A
2015,Sep,Sep-15,Q3,2015 Q3,拼班,Others,500,500,500,Seed/Angel,Seed/Angel
2017,Oct,Oct-17,Q4,2017 Q4,平行线教育,K12,8000,8000,8000,A,A
2015,Aug,Aug-15,Q3,2015 Q3,蒲公英-博雅创智,Language Learning,200,200,200,Seed/Angel,Seed/Angel
2017,Aug,Aug-17,Q3,2017 Q3,朴新教育,K12,13600,13600,13600,B,B
2018,Jan,Jan-18,Q1,2018 Q1,七巧国,Early Childhood Edu.,20000,20000,20000,Seed/Angel,Seed/Angel
2015,Feb,Feb-15,Q1,2015 Q1,七天网络,SaaS & Informatization,600万人民币,600,600,Seed/Angel,Seed/Angel
2015,Aug,Aug-15,Q3,2015 Q3,七天网络,SaaS & Informatization,1500万人民币,1500,1500,A,A
2016,May,May-16,Q2,2016 Q2,七天网络,SaaS & Informatization,4000万美元,26000,26000,A+,A
2018,Jul,Jul-18,Q3,2018 Q3,七天网络,SaaS & Informatization,2亿人民币,20000,20000,B,B
2018,Oct,Oct-18,Q4,2018 Q4,七月在线,Vocational Edu.,1000万人民币,1000,1000,Seed/Angel,Seed/Angel
2014,Nov,Nov-14,Q4,2014 Q4,奇迹曼特,Vocational Edu.,1000,1000,1000,Undiscloused,Undiscloused
2016,Sep,Sep-16,Q3,2016 Q3,奇喵背词,Language Learning,200,200,200,Seed/Angel,Seed/Angel
2017,Jul,Jul-17,Q3,2017 Q3,企鹅童话,Early Childhood Edu.,2000,2000,2000,Pre-A,Pre-A
2018,May,May-18,Q2,2018 Q2,企鹅童话,Early Childhood Edu.,4000,4000,4000,A,A
2017,Dec,Dec-17,Q4,2017 Q4,启蒙听听,Early Childhood Edu.,2000,2000,2000,Pre-A,Pre-A
2015,Sep,Sep-15,Q3,2015 Q3,起点学院,Vocational Edu.,200,200,200,Seed/Angel,Seed/Angel
2017,Jul,Jul-17,Q3,2017 Q3,起点学院,Vocational Edu.,2250,2250,2250,A,A
2018,May,May-18,Q2,2018 Q2,起向教育,Vocational Edu.,200,200,200,Seed/Angel,Seed/Angel
2017,Jan,Jan-17,Q1,2017 Q1,千锋互联,Vocational Edu.,10000,10000,10000,Undiscloused,Undiscloused
2016,Mar,Mar-16,Q1,2016 Q1,千聊,Paid Knowledge,800,800,800,A,A
2017,Jan,Jan-17,Q1,2017 Q1,千聊,Paid Knowledge,6500,6500,6500,A+,A
2017,Oct,Oct-17,Q4,2017 Q4,千聊,Paid Knowledge,1000,1000,1000,Pre-B,B
2016,Sep,Sep-16,Q3,2016 Q3,签到荚,Higher Edu.,100,100,100,Seed/Angel,Seed/Angel
2018,Feb,Feb-18,Q1,2018 Q1,强棒,Enrichment Programs,800,800,800,Seed/Angel,Seed/Angel
2017,Feb,Feb-17,Q1,2017 Q1,强棒联合,Enrichment Programs,200,200,200,Seed/Angel,Seed/Angel
2015,May,May-15,Q2,2015 Q2,乔布堂,Vocational Edu.,12740,12740,12740,A,A
2017,Mar,Mar-17,Q1,2017 Q1,巧课力,Early Childhood Edu.,200,200,200,Seed/Angel,Seed/Angel
2013,Mar,Mar-13,Q1,2013 Q1,亲宝宝,Early Childhood Edu.,未披露,0,0,Seed/Angel,Seed/Angel
2014,Mar,Mar-14,Q1,2014 Q1,亲宝宝,Early Childhood Edu.,500万美元,3250,3250,A,A
2016,Dec,Dec-16,Q4,2016 Q4,亲宝宝,Early Childhood Edu.,数千万美元,13000,13000,B,B
2018,Oct,Oct-18,Q4,2018 Q4,亲宝宝,Early Childhood Edu.,数亿人民币,20000,20000,C,C
2018,Aug,Aug-18,Q3,2018 Q3,亲近母语/小步读书,K12,1600万人民币,1600,1600,Pre-A,Pre-A
2017,Jul,Jul-17,Q3,2017 Q3,秦学教育,K12,2000,2000,2000,A,A
2018,Jun,Jun-18,Q2,2018 Q2,琴伴,Enrichment Programs,200,200,200,Seed/Angel,Seed/Angel
2018,Jun,Jun-18,Q2,2018 Q2,青蚕教育,SaaS & Informatization,200,200,200,Seed/Angel,Seed/Angel
2016,Dec,Dec-16,Q4,2016 Q4,青橙创客教育,STEM,1000,1000,1000,Pre-A,Pre-A
2018,Apr,Apr-18,Q2,2018 Q2,青橙创客教育,STEM,2400,2400,2400,A,A
2014,Jan,Jan-14,Q1,2014 Q1,青果学院,K12,2000万人民币,2000,2000,Seed/Angel,Seed/Angel
2018,Jul,Jul-18,Q3,2018 Q3,青果学院,K12,未透露,0,0,A,A
2016,Dec,Dec-16,Q4,2016 Q4,青青部落,Study Abroad Services,2000,2000,2000,Pre-A,Pre-A
2018,Aug,Aug-18,Q3,2018 Q3,轻近教育,STEM,450万,450,450,Seed/Angel,Seed/Angel
2016,Jul,Jul-16,Q3,2016 Q3,轻课,Language Learning,1100,1100,1100,Pre-A,Pre-A
2017,Jul,Jul-17,Q3,2017 Q3,轻课,Language Learning,3300,3300,3300,A,A
2018,Jan,Jan-18,Q1,2018 Q1,清帆远航,Others,2000,2000,2000,Strategic Investment,Strategic Investment
2015,May,May-15,Q2,2015 Q2,请他教,K12,6950,6950,6950,A,A
2015,Jul,Jul-15,Q3,2015 Q3,请他教,K12,8600,8600,8600,A+,A
2018,May,May-18,Q2,2018 Q2,求渔学院,Others,0,0,3000,Pre-A,Pre-A
2015,Nov,Nov-15,Q4,2015 Q4,取暖,Enrichment Programs,200,200,200,Seed/Angel,Seed/Angel
2018,Apr,Apr-18,Q2,2018 Q2,趣口才,Enrichment Programs,0,0,800,Seed/Angel,Seed/Angel
2016,Jul,Jul-16,Q3,2016 Q3,趣学车,Vocational Edu.,10000,10000,10000,A,A
2018,May,May-18,Q2,2018 Q2,圈外同学,Vocational Edu.,0,0,800,Seed/Angel,Seed/Angel
2015,May,May-15,Q2,2015 Q2,全球说,Language Learning,0,0,4000,A,A
2017,Nov,Nov-17,Q4,2017 Q4,人人讲,SaaS & Informatization,1000,1000,1000,Pre-A,Pre-A
2017,Jun,Jun-17,Q2,2017 Q2,人人助学,SaaS & Informatization,1000,1000,1000,Seed/Angel,Seed/Angel
2017,Dec,Dec-17,Q4,2017 Q4,日本村,Language Learning,1000,1000,1000,Pre-A,Pre-A
2018,Jan,Jan-18,Q1,2018 Q1,荣校,SaaS & Informatization,0,0,800,Seed/Angel,Seed/Angel
2015,May,May-15,Q2,2015 Q2,容艺教育,Vocational Edu.,2000,2000,2000,Strategic Investment,Strategic Investment
2016,Dec,Dec-16,Q4,2016 Q4,容艺教育,Vocational Edu.,2000,2000,2000,B,B
2017,Aug,Aug-17,Q3,2017 Q3,融聚邻里（融聚教育）,Enrichment Programs,2000,2000,2000,A,A
2017,Jul,Jul-17,Q3,2017 Q3,瑞达法考,Vocational Edu.,1.92亿人民币,19200,19200,Strategic Investment,Strategic Investment
2018,Jul,Jul-18,Q3,2018 Q3,瑞达法考,Vocational Edu.,5280万人民币,5280,5280,Strategic Investment,Strategic Investment
2015,Oct,Oct-15,Q4,2015 Q4,瑞应书院（找导师）,Higher Edu.,200,200,200,Seed/Angel,Seed/Angel
2016,Dec,Dec-16,Q4,2016 Q4,睿聚教育,Vocational Edu.,3000,3000,3000,A,A
2018,Jun,Jun-18,Q2,2018 Q2,睿刻教育,SaaS & Informatization,200,200,200,Seed/Angel,Seed/Angel
2018,Jan,Jan-18,Q1,2018 Q1,睿小麟,Language Learning,500,500,500,Seed/Angel,Seed/Angel
2015,Oct,Oct-15,Q4,2015 Q4,赛氪-环球竞赛网,Higher Edu.,200,200,200,Seed/Angel,Seed/Angel
2018,Sep,Sep-18,Q3,2018 Q3,赛优教育,Vocational Edu.,数千万人民币,2000,2000,A,A
2016,Oct,Oct-16,Q4,2016 Q4,三节课,Vocational Edu.,1000,1000,1000,Pre-A,Pre-A
2018,Mar,Mar-18,Q1,2018 Q1,三节课,Vocational Edu.,2000,2000,2000,A,A
2016,Jun,Jun-16,Q2,2016 Q2,三立教育,Study Abroad Services,未披露,0,0,Seed/Angel,Seed/Angel
2017,Apr,Apr-17,Q2,2017 Q2,三立教育,Study Abroad Services,0,4000,4000,A+,A
2018,Jul,Jul-18,Q3,2018 Q3,三立教育,Language Learning,数亿人民币,20000,20000,B,B
2016,Jun,Jun-16,Q2,2016 Q2,三莅堂教育,Language Learning,未透露,0,0,Seed/Angel,Seed/Angel
2017,Jul,Jul-17,Q3,2017 Q3,三育教育,Early Childhood Edu.,1.275亿美元,81250,81250,Strategic Investment,Strategic Investment
2018,Aug,Aug-18,Q3,2018 Q3,三育教育,Early Childhood Edu.,2.5亿美元,162500,162500,Strategic Investment,Strategic Investment
2014,Oct,Oct-14,Q4,2014 Q4,鲨鱼公园,STEM,2000,2000,2000,A,A
2016,Mar,Mar-16,Q1,2016 Q1,鲨鱼公园,STEM,2000,2000,2000,A+,A
2017,Feb,Feb-17,Q1,2017 Q1,厦门斜杠,Vocational Edu.,200,200,200,Seed/Angel,Seed/Angel
2014,Oct,Oct-14,Q4,2014 Q4,山姆大叔少儿英语,Language Learning,3000,3000,3000,Undiscloused,Undiscloused
2015,Jun,Jun-15,Q2,2015 Q2,闪闪早教,Early Childhood Edu.,300万人民币,300,300,Seed/Angel,Seed/Angel
2015,Dec,Dec-15,Q4,2015 Q4,闪闪早教,Early Childhood Edu.,数千万人民币,2000,2000,A,A
2018,Jun,Jun-18,Q2,2018 Q2,闪闪早教,Early Childhood Edu.,2800万人民币,2800,2800,A+,A
2018,Oct,Oct-18,Q4,2018 Q4,闪闪早教,Early Childhood Edu.,1000万人民币,1000,1000,Pre-B,B
2017,Dec,Dec-17,Q4,2017 Q4,上海易教,SaaS & Informatization,10000,10000,10000,A,A
2017,Feb,Feb-17,Q1,2017 Q1,尚德机构,Vocational Edu.,2000,2000,2000,C,C
2015,Jun,Jun-15,Q2,2015 Q2,尚课无忧,Enrichment Programs,2000,2000,2000,Seed/Angel,Seed/Angel
2016,Jun,Jun-16,Q2,2016 Q2,勺子课堂,Vocational Edu.,1000万人民币,1000,1000,Pre-A,Pre-A
2015,Jun,Jun-15,Q2,2015 Q2,勺子课堂,Vocational Edu.,200万人民币,200,200,Seed/Angel,Seed/Angel
2016,Dec,Dec-16,Q4,2016 Q4,勺子课堂,Vocational Edu.,数百万人民币,200,200,Strategic Investment,Strategic Investment
2017,Apr,Apr-17,Q2,2017 Q2,勺子课堂,Vocational Edu.,千万级人民币,1000,1000,A,A
2018,Aug,Aug-18,Q3,2018 Q3,勺子课堂,Vocational Edu.,3000万人民币,3000,3000,A+,A
2018,Jul,Jul-18,Q3,2018 Q3,少年创客,STEM,500万人民币,500,500,Seed/Angel,Seed/Angel
2015,Aug,Aug-15,Q3,2015 Q3,少年商学院,Enrichment Programs,200,200,200,Pre-A,Pre-A
2018,Apr,Apr-18,Q2,2018 Q2,少年商学院,Enrichment Programs,3000,3000,3000,A,A
2015,Oct,Oct-15,Q4,2015 Q4,社交新语,Language Learning,637,637,637,Seed/Angel,Seed/Angel
2016,Jun,Jun-16,Q2,2016 Q2,申请方,Higher Edu.,3250,3250,3250,A,A
2018,Mar,Mar-18,Q1,2018 Q1,深创学院,Vocational Edu.,2000,2000,2000,Strategic Investment,Strategic Investment
2018,Jun,Jun-18,Q2,2018 Q2,神奇科学堂,STEM,10000,10000,10000,Pre-A,Pre-A
2018,Aug,Aug-18,Q3,2018 Q3,升学教育,Higher Edu.,数千万人民币,2000,2000,A,A
2017,Jan,Jan-17,Q1,2017 Q1,十点读书,Paid Knowledge,6000,6000,6000,A,A
2018,Jun,Jun-18,Q2,2018 Q2,十六进制科技,SaaS & Informatization,1000,1000,1000,Pre-A,Pre-A
2017,Sep,Sep-17,Q3,2017 Q3,十牛校园,SaaS & Informatization,1500,1500,1500,Pre-A,Pre-A
2018,Apr,Apr-18,Q2,2018 Q2,时代教育,Vocational Edu.,200,200,200,Seed/Angel,Seed/Angel
2016,Sep,Sep-16,Q3,2016 Q3,时代智囊,K12,5000,5000,5000,A,A
2018,Jul,Jul-18,Q3,2018 Q3,时间知道,Paid Knowledge,600万人民币,600,600,Seed/Angel,Seed/Angel
2017,Dec,Dec-17,Q4,2017 Q4,实习僧,Vocational Edu.,2000,2000,2000,A+,A
2014,Aug,Aug-14,Q3,2014 Q3,实验楼,Vocational Edu.,200,200,200,Seed/Angel,Seed/Angel
2018,May,May-18,Q2,2018 Q2,世纪海航,SaaS & Informatization,2000,2000,2000,A,A
2014,Jun,Jun-14,Q2,2014 Q2,世纪明德教育,Study Abroad Services,0,2000,2000,A,A
2015,Jan,Jan-15,Q1,2015 Q1,世纪明德教育,Study Abroad Services,0,0,2000,B,B
2018,May,May-18,Q2,2018 Q2,世纪明德教育,Study Abroad Services,3727.53,3727.53,3727.53,定向增发,NEEQ Fund-raising
2017,Feb,Feb-17,Q1,2017 Q1,视感科技,Enrichment Programs,2000,2000,2000,Undiscloused,Undiscloused
2017,Jan,Jan-17,Q1,2017 Q1,手韩,Language Learning,0,0,800,Seed/Angel,Seed/Angel
2015,Sep,Sep-15,Q3,2015 Q3,手艺网,Enrichment Programs,200,200,200,Seed/Angel,Seed/Angel
2015,Nov,Nov-15,Q4,2015 Q4,手艺网,Enrichment Programs,1000,1000,1000,Pre-A,Pre-A
2018,Apr,Apr-18,Q2,2018 Q2,守艺科技,SaaS & Informatization,200,200,200,Seed/Angel,Seed/Angel
2016,Sep,Sep-16,Q3,2016 Q3,首尔教育,Language Learning,200,200,200,Seed/Angel,Seed/Angel
2018,Feb,Feb-18,Q1,2018 Q1,首掌教育,SaaS & Informatization,200,200,200,Seed/Angel,Seed/Angel
2017,May,May-17,Q2,2017 Q2,瘦课网,SaaS & Informatization,1500,1500,1500,A,A
2014,Aug,Aug-14,Q3,2014 Q3,书链,Others,数百万人民币,200,200,Seed/Angel,Seed/Angel
2015,Dec,Dec-15,Q4,2015 Q4,书链,Others,1000万人民币,1000,1000,Pre-A,Pre-A
2018,Sep,Sep-18,Q3,2018 Q3,书链,Others,数千万人民币,2000,2000,A,A
2017,Jan,Jan-17,Q1,2017 Q1,书香源教育,K12,2000,2000,2000,Undiscloused,Undiscloused
2015,Jun,Jun-15,Q2,2015 Q2,顺顺留学,Study Abroad Services,11466,11466,11466,A,A
2017,Apr,Apr-17,Q2,2017 Q2,私塾家,K12,0,0,12000,B,B
2018,Mar,Mar-18,Q1,2018 Q1,思博锐,Vocational Edu.,200,200,200,Seed/Angel,Seed/Angel
2015,Aug,Aug-15,Q3,2015 Q3,思享空间,Others,150,150,150,Seed/Angel,Seed/Angel
2017,Nov,Nov-17,Q4,2017 Q4,斯达营地教育,Enrichment Programs,百万级人民币,100,100,Seed/Angel,Seed/Angel
2018,Jan,Jan-18,Q1,2018 Q1,斯达营地教育,Enrichment Programs,千万级人民币,1000,1000,Pre-A,Pre-A
2018,Jul,Jul-18,Q3,2018 Q3,斯达营地教育,Enrichment Programs,数千万人民币,2000,2000,A,A
2016,Nov,Nov-16,Q4,2016 Q4,四个爸爸,Enrichment Programs,0,0,800,Seed/Angel,Seed/Angel
2017,Aug,Aug-17,Q3,2017 Q3,宋钊教育,Enrichment Programs,100,100,100,Seed/Angel,Seed/Angel
2015,Oct,Oct-15,Q4,2015 Q4,搜学宝,Higher Edu.,200,200,200,Seed/Angel,Seed/Angel
2017,Feb,Feb-17,Q1,2017 Q1,随时随课,Vocational Edu.,357,357,357,Seed/Angel,Seed/Angel
2018,Mar,Mar-18,Q1,2018 Q1,随我学,Enrichment Programs,800,800,800,Seed/Angel,Seed/Angel
2018,Jun,Jun-18,Q2,2018 Q2,泰克网络实验室,Vocational Edu.,0,0,4000,A,A
2018,Feb,Feb-18,Q1,2018 Q1,潭州教育,Vocational Edu.,6300,6300,6300,A,A
2018,Aug,Aug-18,Q3,2018 Q3,探奇星球,STEM,数百万人民币,200,200,Seed/Angel,Seed/Angel
2017,Mar,Mar-17,Q1,2017 Q1,唐翰科技,Higher Edu.,0,0,800,Seed/Angel,Seed/Angel
2015,Sep,Sep-15,Q3,2015 Q3,糖堂Sweetclass,K12,200,200,200,Seed/Angel,Seed/Angel
2017,May,May-17,Q2,2017 Q2,淘儿学,K12,100,100,100,Seed/Angel,Seed/Angel
2017,Oct,Oct-17,Q4,2017 Q4,腾跃校长,Vocational Edu.,2000,2000,2000,A+,A
2016,Mar,Mar-16,Q1,2016 Q1,腾跃校长社区,Vocational Edu.,1500,1500,1500,A,A
2015,Aug,Aug-15,Q3,2015 Q3,提分宝,K12,200,200,200,Pre-A,Pre-A
2015,Oct,Oct-15,Q4,2015 Q4,提分威学堂,Language Learning,200,200,200,Seed/Angel,Seed/Angel
2018,May,May-18,Q2,2018 Q2,天赋通教育,Enrichment Programs,数百万人民币,200,200,Pre-A,Pre-A
2018,Aug,Aug-18,Q3,2018 Q3,天赋通教育,Enrichment Programs,1000万美元,6500,6500,Pre-A,Pre-A
2017,Aug,Aug-17,Q3,2017 Q3,天津培育空间教育,Early Childhood Edu.,200,200,200,Seed/Angel,Seed/Angel
2018,May,May-18,Q2,2018 Q2,天天学农,Vocational Edu.,2000,2000,2000,Pre-A,Pre-A
2015,Aug,Aug-15,Q3,2015 Q3,条条,K12,1274,1274,1274,Seed/Angel,Seed/Angel
2014,Nov,Nov-14,Q4,2014 Q4,铁皮人科技,Early Childhood Edu.,2000,2000,2000,A,A
2017,Jul,Jul-17,Q3,2017 Q3,婷婷姐姐,Early Childhood Edu.,2200,2200,2200,Seed/Angel,Seed/Angel
2018,Jun,Jun-18,Q2,2018 Q2,婷婷姐姐,Early Childhood Edu.,5000,5000,5000,A,A
2015,Jan,Jan-15,Q1,2015 Q1,童伴教育,Early Childhood Edu.,500,500,500,Seed/Angel,Seed/Angel
2015,Sep,Sep-15,Q3,2015 Q3,童伴教育,Early Childhood Edu.,1000,1000,1000,Pre-A,Pre-A
2015,Dec,Dec-15,Q4,2015 Q4,童伴教育,Early Childhood Edu.,4500,4500,4500,A,A
2015,Sep,Sep-15,Q3,2015 Q3,童玩儿,Early Childhood Edu.,500,500,500,Seed/Angel,Seed/Angel
2018,May,May-18,Q2,2018 Q2,童王星,STEM,2000,2000,2000,Strategic Investment,Strategic Investment
2015,Jun,Jun-15,Q2,2015 Q2,童游,Study Abroad Services,1274,1274,1274,Seed/Angel,Seed/Angel
2016,Sep,Sep-16,Q3,2016 Q3,童游,Study Abroad Services,1000,1000,1000,Pre-A,Pre-A
2017,Jan,Jan-17,Q1,2017 Q1,童之趣,Early Childhood Edu.,200,200,200,Seed/Angel,Seed/Angel
2017,Aug,Aug-17,Q3,2017 Q3,图零直播,Vocational Edu.,6000,6000,6000,B,B
2016,Oct,Oct-16,Q4,2016 Q4,图样单词,Language Learning,200,200,200,Seed/Angel,Seed/Angel
2018,Jun,Jun-18,Q2,2018 Q2,土豆雅思,Language Learning,6500,6500,6500,Pre-A,Pre-A
2018,Mar,Mar-18,Q1,2018 Q1,兔比兔教育,Others,2000,2000,2000,Pre-A,Pre-A
2018,May,May-18,Q2,2018 Q2,团建队长,Vocational Edu.,100,100,100,Seed/Angel,Seed/Angel
2014,Nov,Nov-14,Q4,2014 Q4,托福easy姐,Language Learning,0,0,500,Seed/Angel,Seed/Angel
2015,Apr,Apr-15,Q2,2015 Q2,托福easy姐,Language Learning,1274,1274,1274,Seed/Angel,Seed/Angel
2018,Mar,Mar-18,Q1,2018 Q1,瓦力工厂,STEM,2000,2000,2000,A,A
2018,Mar,Mar-18,Q1,2018 Q1,外教易教育,Language Learning,500,500,500,Seed/Angel,Seed/Angel
2018,Apr,Apr-18,Q2,2018 Q2,外教易教育,Language Learning,3000,3000,3000,Pre-A,Pre-A
2018,May,May-18,Q2,2018 Q2,外滩教育,Enrichment Programs,800,800,800,Pre-A,Pre-A
2016,Aug,Aug-16,Q3,2016 Q3,玩创Lab,STEM,702,702,702,Seed/Angel,Seed/Angel
2018,Mar,Mar-18,Q1,2018 Q1,玩创Lab,STEM,1500,1500,1500,Pre-A,Pre-A
2014,Apr,Apr-14,Q2,2014 Q2,万门大学,Vocational Edu.,200,200,200,Undiscloused,Undiscloused
2016,Sep,Sep-16,Q3,2016 Q3,万趣空间,Early Childhood Edu.,1300,1300,1300,Seed/Angel,Seed/Angel
2014,Jul,Jul-14,Q3,2014 Q3,万学教育,Vocational Edu.,13000,13000,13000,C,C
2018,Jan,Jan-18,Q1,2018 Q1,万域芳菲,Enrichment Programs,2000,2000,2000,Seed/Angel,Seed/Angel
2018,Apr,Apr-18,Q2,2018 Q2,微谷中国,Vocational Edu.,2000,2000,2000,A,A
2018,Jun,Jun-18,Q2,2018 Q2,微课之家,SaaS & Informatization,2500,2500,2500,Pre-A,Pre-A
2018,Jul,Jul-18,Q3,2018 Q3,微芒教育,Language Learning,未透露,0,0,Seed/Angel,Seed/Angel
2017,Sep,Sep-17,Q3,2017 Q3,微视酷,SaaS & Informatization,3000,3000,3000,A,A
2016,Sep,Sep-16,Q3,2016 Q3,微视酷科技,SaaS & Informatization,1000,1000,1000,Pre-A,Pre-A
2018,Jul,Jul-18,Q3,2018 Q3,微校,SaaS & Informatization,千万级,1000,1000,Pre-A,Pre-A
2015,Oct,Oct-15,Q4,2015 Q4,微学-辅导圈,K12,2000,2000,2000,A,A
2016,Jan,Jan-16,Q1,2016 Q1,微语言,Language Learning,1000,1000,1000,Pre-A,Pre-A
2017,Feb,Feb-17,Q1,2017 Q1,微语言,Language Learning,5000,5000,5000,A,A
2017,Aug,Aug-17,Q3,2017 Q3,微语言,Language Learning,3000,3000,3000,A+,A
2017,May,May-17,Q2,2017 Q2,微早教,Early Childhood Edu.,200,200,200,Seed/Angel,Seed/Angel
2017,Dec,Dec-17,Q4,2017 Q4,微早教,Early Childhood Edu.,1000,1000,1000,Pre-A,Pre-A
2017,Sep,Sep-17,Q3,2017 Q3,韦林文化,Language Learning,2000,2000,2000,Pre-A,Pre-A
2017,Mar,Mar-17,Q1,2017 Q1,唯童,Enrichment Programs,未透露,0,0,Seed/Angel,Seed/Angel
2018,Jul,Jul-18,Q3,2018 Q3,唯童,Enrichment Programs,未透露,0,0,A,A
2016,Jan,Jan-16,Q1,2016 Q1,唯医网,Vocational Edu.,1000万美元,6500,6500,A,A
2017,Aug,Aug-17,Q3,2017 Q3,唯医网,Vocational Edu.,2770万美元,18005,18005,A+,A
2018,Aug,Aug-18,Q3,2018 Q3,唯医网,Vocational Edu.,未透露,0,0,B,B
2017,Apr,Apr-17,Q2,2017 Q2,维欧诺一,Study Abroad Services,200,200,200,Pre-A,Pre-A
2018,Jul,Jul-18,Q3,2018 Q3,维欧艺术联盟,Study Abroad Services,2000万人民币,2000,2000,A,A
2017,Jul,Jul-17,Q3,2017 Q3,未来大师,Enrichment Programs,5000,5000,5000,Seed/Angel,Seed/Angel
2016,Dec,Dec-16,Q4,2016 Q4,未来偶像,Enrichment Programs,900,900,900,A,A
2016,Mar,Mar-16,Q1,2016 Q1,未来王国,Early Childhood Edu.,20,20,20,Seed/Angel,Seed/Angel
2018,Oct,Oct-18,Q4,2018 Q4,未徕科技学堂,STEM,数百万人民币,200,200,Seed/Angel,Seed/Angel
2018,May,May-18,Q2,2018 Q2,文启优思,K12,2000,2000,2000,A,A
2014,Jun,Jun-14,Q2,2014 Q2,闻题鸟TiBird,K12,200,200,200,Seed/Angel,Seed/Angel
2015,Jul,Jul-15,Q3,2015 Q3,我的班,K12,0,0,800,Seed/Angel,Seed/Angel
2018,Apr,Apr-18,Q2,2018 Q2,我思教育,Enrichment Programs,未透露,0,0,Pre-A,Pre-A
2018,Aug,Aug-18,Q3,2018 Q3,我思教育,Enrichment Programs,未透露,0,0,A,A
2014,Dec,Dec-14,Q4,2014 Q4,我赢职场,Vocational Edu.,3000,3000,3000,A,A
2015,Dec,Dec-15,Q4,2015 Q4,我赢职场,Vocational Edu.,2000,2000,2000,Pre-B,B
2016,Dec,Dec-16,Q4,2016 Q4,我赢职场,Vocational Edu.,8000,8000,8000,B,B
2018,Jan,Jan-18,Q1,2018 Q1,沃邦国际教育,Language Learning,0,0,5000,Strategic Investment,Strategic Investment
2017,Nov,Nov-17,Q4,2017 Q4,无学网络,SaaS & Informatization,200,200,200,Seed/Angel,Seed/Angel
2018,Jun,Jun-18,Q2,2018 Q2,五六点教育,Early Childhood Edu.,1100,1100,1100,A,A
2018,Mar,Mar-18,Q1,2018 Q1,舞邦,Vocational Edu.,2000,2000,2000,A,A
2018,Mar,Mar-18,Q1,2018 Q1,西瓜创客,STEM,5000,5000,5000,A,A
2017,Aug,Aug-17,Q3,2017 Q3,西普教育,Higher Edu.,4000,4000,4000,新三板,NEEQ Fund-raising
2016,Nov,Nov-16,Q4,2016 Q4,希嘉教育,Higher Edu.,2400,2400,2400,Strategic Investment,Strategic Investment
2018,Jun,Jun-18,Q2,2018 Q2,悉之教育,K12,1000,1000,1000,Seed/Angel,Seed/Angel
2014,Dec,Dec-14,Q4,2014 Q4,夏加儿教育,Enrichment Programs,未透露,0,0,Strategic Investment,Strategic Investment
2016,Oct,Oct-16,Q4,2016 Q4,夏加儿教育,Enrichment Programs,数千万人民币,2000,2000,A,A
2017,Jan,Jan-17,Q1,2017 Q1,夏加儿教育,Enrichment Programs,千万级人民币,1000,1000,A+,A
2018,Jul,Jul-18,Q3,2018 Q3,夏加儿教育,Enrichment Programs,未透露,0,0,Pre-B,B
2017,Jan,Jan-17,Q1,2017 Q1,先声教育,Language Learning,2000,2000,2000,Pre-A,Pre-A
2018,Mar,Mar-18,Q1,2018 Q1,先声教育,Language Learning,2000,2000,2000,A,A
2015,Aug,Aug-15,Q3,2015 Q3,弦音科技EUMLab,Enrichment Programs,200,200,200,Seed/Angel,Seed/Angel
2015,Jun,Jun-15,Q2,2015 Q2,小伴龙,Early Childhood Edu.,2000,2000,2000,B,B
2018,Apr,Apr-18,Q2,2018 Q2,小贝尔实验室,STEM,400,400,400,Seed/Angel,Seed/Angel
2018,Jan,Jan-18,Q1,2018 Q1,小编程家,STEM,200,200,200,Pre-A,Pre-A
2017,Mar,Mar-17,Q1,2017 Q1,小步亲子,Early Childhood Edu.,200,200,200,Seed/Angel,Seed/Angel
2018,Mar,Mar-18,Q1,2018 Q1,小步亲子,Early Childhood Edu.,1300,1300,1300,Pre-A,Pre-A
2018,Apr,Apr-18,Q2,2018 Q2,小袋鼠艺术,Enrichment Programs,600,600,600,A,A
2016,Apr,Apr-16,Q2,2016 Q2,小灯塔,Vocational Edu.,1000万人民币,1000,1000,Seed/Angel,Seed/Angel
2016,Nov,Nov-16,Q4,2016 Q4,小灯塔,Vocational Edu.,未披露,0,0,Strategic Investment,Strategic Investment
2017,May,May-17,Q2,2017 Q2,小灯塔,Vocational Edu.,数千万人民币,2000,2000,A,A
2018,Aug,Aug-18,Q3,2018 Q3,小灯塔,Vocational Edu.,数千万人民币,2000,2000,B,B
2018,Mar,Mar-18,Q1,2018 Q1,小豆伴,Early Childhood Edu.,500,500,500,Seed/Angel,Seed/Angel
2017,Apr,Apr-17,Q2,2017 Q2,小逗网络,Higher Edu.,2000,2000,2000,Pre-A,Pre-A
2015,Sep,Sep-15,Q3,2015 Q3,小海豚上门早教,Early Childhood Edu.,200,200,200,Seed/Angel,Seed/Angel
2016,Nov,Nov-16,Q4,2016 Q4,小河说,Vocational Edu.,200,200,200,Seed/Angel,Seed/Angel
2018,Apr,Apr-18,Q2,2018 Q2,小猴科技,SaaS & Informatization,0,0,800,Seed/Angel,Seed/Angel
2015,Nov,Nov-15,Q4,2015 Q4,小酱油,Higher Edu.,2000,2000,2000,Pre-A,Pre-A
2017,Jan,Jan-17,Q1,2017 Q1,小马学院,Enrichment Programs,0,0,6000,Undiscloused,Undiscloused
2017,Jul,Jul-17,Q3,2017 Q3,小码教育(小码王) ,STEM,2000,2000,2000,A,A
2018,May,May-18,Q2,2018 Q2,小码王,STEM,13000,13000,13000,B,B
2017,Mar,Mar-17,Q1,2017 Q1,小牛顿,Early Childhood Edu.,6000,6000,6000,Pre-A,Pre-A
2018,Apr,Apr-18,Q2,2018 Q2,小牛教育,SaaS & Informatization,2000,2000,2000,A,A
2015,Sep,Sep-15,Q3,2015 Q3,小牛学堂,Vocational Edu.,400,400,400,Pre-A,Pre-A
2017,Apr,Apr-17,Q2,2017 Q2,小钱班克,Enrichment Programs,1000,1000,1000,Seed/Angel,Seed/Angel
2018,May,May-18,Q2,2018 Q2,小善科技,Vocational Edu.,0,0,4000,A+,A
2014,Jul,Jul-14,Q3,2014 Q3,小水滴课堂,Early Childhood Edu.,1500万人民币,1500,1500,Seed/Angel,Seed/Angel
2015,Dec,Dec-15,Q4,2015 Q4,小水滴课堂,Early Childhood Edu.,3000万人民币,3000,3000,A,A
2016,Mar,Mar-16,Q1,2016 Q1,小水滴课堂,Early Childhood Edu.,未披露,0,0,Undiscloused,Undiscloused
2017,Nov,Nov-17,Q4,2017 Q4,小水滴课堂,Early Childhood Edu.,未披露,0,0,A+,A
2018,Sep,Sep-18,Q3,2018 Q3,小水滴课堂,Early Childhood Edu.,5000万人民币,5000,5000,Strategic Investment,Strategic Investment
2017,Jul,Jul-17,Q3,2017 Q3,小象学院(小象科技) ,Vocational Edu.,2000,2000,2000,Pre-A,Pre-A
2017,Dec,Dec-17,Q4,2017 Q4,小小包麻麻,Early Childhood Edu.,14000,14000,14000,B,B
2015,Oct,Oct-15,Q4,2015 Q4,小小牛,Early Childhood Edu.,200,200,200,Seed/Angel,Seed/Angel
2017,May,May-17,Q2,2017 Q2,小熊吉他,Enrichment Programs,200,200,200,Seed/Angel,Seed/Angel
2018,Jul,Jul-18,Q3,2018 Q3,小灶能力,Vocational Edu.,数千万,2000,2000,Pre-A,Pre-A
2016,Mar,Mar-16,Q1,2016 Q1,小知科技,K12,3250,3250,3250,Seed/Angel,Seed/Angel
2016,May,May-16,Q2,2016 Q2,晓羊教育,SaaS & Informatization,1600,1600,1600,Seed/Angel,Seed/Angel
2016,Aug,Aug-16,Q3,2016 Q3,晓羊教育,SaaS & Informatization,0,0,1600,Pre-A,Pre-A
2017,Jul,Jul-17,Q3,2017 Q3,晓羊教育,SaaS & Informatization,2000,2000,2000,A,A
2018,May,May-18,Q2,2018 Q2,晓羊教育,SaaS & Informatization,2000,2000,2000,A+,A
2016,Mar,Mar-16,Q1,2016 Q1,校伴,SaaS & Informatization,20,20,20,Seed/Angel,Seed/Angel
2017,Dec,Dec-17,Q4,2017 Q4,校宝在线,SaaS & Informatization,10000,10000,10000,C,C
2018,May,May-18,Q2,2018 Q2,校宝在线,SaaS & Informatization,10000,10000,10000,C+,C
2018,Apr,Apr-18,Q2,2018 Q2,校管家,SaaS & Informatization,4600,4600,4600,A,A
2015,Jun,Jun-15,Q2,2015 Q2,校鹿,Study Abroad Services,200,200,200,Seed/Angel,Seed/Angel
2017,Jul,Jul-17,Q3,2017 Q3,校谱网,Study Abroad Services,100,100,100,Seed/Angel,Seed/Angel
2015,Jun,Jun-15,Q2,2015 Q2,校讯通/河北皇典,K12,2450,2450,2450,A,A
2018,Aug,Aug-18,Q3,2018 Q3,校易收/蝉鸣科技,SaaS & Informatization,数千万人民币,2000,2000,Pre-A,Pre-A
2018,May,May-18,Q2,2018 Q2,校长家科技,SaaS & Informatization,0,0,3000,Pre-A,Pre-A
2016,Oct,Oct-16,Q4,2016 Q4,心呼吸,Vocational Edu.,0,0,800,Seed/Angel,Seed/Angel
2018,Jul,Jul-18,Q3,2018 Q3,心竺公考,Vocational Edu.,600万人民币,600,600,Seed/Angel,Seed/Angel
2016,Sep,Sep-16,Q3,2016 Q3,新道科技,Higher Edu.,18900,18900,18900,B,B
2016,Sep,Sep-16,Q3,2016 Q3,新节奏,Enrichment Programs,1100,1100,1100,Pre-A,Pre-A
2018,Mar,Mar-18,Q1,2018 Q1,新爵科技,Early Childhood Edu.,800,800,800,Pre-A,Pre-A
2017,Jun,Jun-17,Q2,2017 Q2,新脑力,Paid Knowledge,0,0,6000,Undiscloused,Undiscloused
2017,Dec,Dec-17,Q4,2017 Q4,新生涯,K12,200,200,200,Seed/Angel,Seed/Angel
2018,May,May-18,Q2,2018 Q2,新时代区块链研究院,Vocational Edu.,150,150,150,Seed/Angel,Seed/Angel
2018,Feb,Feb-18,Q1,2018 Q1,新世相,Paid Knowledge,10000,10000,10000,B,B
2015,Sep,Sep-15,Q3,2015 Q3,新新家长,K12,200,200,200,Seed/Angel,Seed/Angel
2016,Jun,Jun-16,Q2,2016 Q2,新学说,Others,500万人民币,500,500,Seed/Angel,Seed/Angel
2016,Sep,Sep-16,Q3,2016 Q3,新学说,Others,未披露,0,0,Seed/Angel,Seed/Angel
2018,Oct,Oct-18,Q4,2018 Q4,新学说,Others,数千万人民币,2000,2000,Pre-A,Pre-A
2017,Sep,Sep-17,Q3,2017 Q3,新舟教育,K12,2000,2000,2000,A,A
2015,Dec,Dec-15,Q4,2015 Q4,鑫益嘉,STEM,1221人民币,1221,1221,定向增发,NEEQ Fund-raising
2017,Jan,Jan-17,Q1,2017 Q1,鑫益嘉,STEM,3000万人民币,3000,3000,定向增发,NEEQ Fund-raising
2018,Sep,Sep-18,Q3,2018 Q3,鑫益嘉,STEM,6000万人民币,6000,6000,Strategic Investment,Strategic Investment
2015,Mar,Mar-15,Q1,2015 Q1,星空琴行,Enrichment Programs,12740,12740,12740,C,C
2018,Jul,Jul-18,Q3,2018 Q3,星马教育,Language Learning,7000万人民币,7000,7000,A,A
2015,Nov,Nov-15,Q4,2015 Q4,星天乐园,Early Childhood Edu.,2000,2000,2000,Pre-A,Pre-A
2016,May,May-16,Q2,2016 Q2,兄弟连,Vocational Edu.,12500,12500,12500,A,A
2015,Apr,Apr-15,Q2,2015 Q2,选课网,Others,1274,1274,1274,A,A
2015,Jun,Jun-15,Q2,2015 Q2,选师无忧,K12,1000,1000,1000,Seed/Angel,Seed/Angel
2016,May,May-16,Q2,2016 Q2,选师无忧,K12,6000,6000,6000,A,A
2018,Jun,Jun-18,Q2,2018 Q2,学霸公社,Study Abroad Services,0,0,12000,B+,B
2014,Jul,Jul-14,Q3,2014 Q3,学吧教育,K12,200,200,200,Seed/Angel,Seed/Angel
2015,Jun,Jun-15,Q2,2015 Q2,学吧课堂,K12,2000,2000,2000,Pre-A,Pre-A
2018,Mar,Mar-18,Q1,2018 Q1,学邦技术,SaaS & Informatization,2000,2000,2000,Strategic Investment,Strategic Investment
2017,Nov,Nov-17,Q4,2017 Q4,学程无忧,K12,300,300,300,Seed/Angel,Seed/Angel
2016,Nov,Nov-16,Q4,2016 Q4,学点云,SaaS & Informatization,1000,1000,1000,Pre-A,Pre-A
2014,Mar,Mar-14,Q1,2014 Q1,学尔森教育,Vocational Edu.,10000,10000,10000,A,A
2016,Nov,Nov-16,Q4,2016 Q4,学加加,Enrichment Programs,200,200,200,Seed/Angel,Seed/Angel
2015,Oct,Oct-15,Q4,2015 Q4,学科网,K12,19110,19110,19110,Pre-IPO,Pre-IPO
2014,Oct,Oct-14,Q4,2014 Q4,学乐,K12,2000,2000,2000,A,A
2015,May,May-15,Q2,2015 Q2,学乐,K12,10000,10000,10000,B,B
2016,Oct,Oct-16,Q4,2016 Q4,学乐,K12,0,0,12740,C,C
2016,Oct,Oct-16,Q4,2016 Q4,学乐云,SaaS & Informatization,13600,13600,13600,C,C
2017,Jun,Jun-17,Q2,2017 Q2,学两招,SaaS & Informatization,200,200,200,Seed/Angel,Seed/Angel
2014,Dec,Dec-14,Q4,2014 Q4,学堂在线,Higher Edu.,9750,9750,9750,A,A
2015,Jul,Jul-15,Q3,2015 Q3,学堂在线,Higher Edu.,1760,1760,1760,B,B
2016,Oct,Oct-16,Q4,2016 Q4,学问Live,Higher Edu.,500,500,500,Seed/Angel,Seed/Angel
2014,Jun,Jun-14,Q2,2014 Q2,学习宝,K12,1950,1950,1950,A,A
2015,Sep,Sep-15,Q3,2015 Q3,学信科技,SaaS & Informatization,6500,6500,6500,A,A
2016,Dec,Dec-16,Q4,2016 Q4,学音悦,Enrichment Programs,2000,2000,2000,Pre-A,Pre-A
2017,Mar,Mar-17,Q1,2017 Q1,丫哥,Early Childhood Edu.,1000,1000,1000,Pre-A,Pre-A
2016,Mar,Mar-16,Q1,2016 Q1,严师书院,K12,2000,2000,2000,A,A
2018,Mar,Mar-18,Q1,2018 Q1,阳阳魔法教育,Language Learning,200,200,200,Pre-A,Pre-A
2017,Feb,Feb-17,Q1,2017 Q1,腰果公考,Vocational Edu.,2000,2000,2000,Undiscloused,Undiscloused
2018,Jun,Jun-18,Q2,2018 Q2,一码学程,STEM,200,200,200,Seed/Angel,Seed/Angel
2015,Nov,Nov-15,Q4,2015 Q4,一米辅导,K12,1000,1000,1000,Seed/Angel,Seed/Angel
2017,Mar,Mar-17,Q1,2017 Q1,一米辅导,K12,3000,3000,3000,Undiscloused,Undiscloused
2015,Jun,Jun-15,Q2,2015 Q2,一米智联,K12,2000,2000,2000,A,A
2018,Jun,Jun-18,Q2,2018 Q2,一起竞赛,K12,200,200,200,Seed/Angel,Seed/Angel
2018,Oct,Oct-18,Q4,2018 Q4,一起学语文,K12,数百万人民币,200,200,Seed/Angel,Seed/Angel
2015,Aug,Aug-15,Q3,2015 Q3,一维弦机器人,Enrichment Programs,20,20,20,Seed/Angel,Seed/Angel
2018,Jun,Jun-18,Q2,2018 Q2,一休数学,Enrichment Programs,数百万人民币,200,200,Seed/Angel,Seed/Angel
2018,Oct,Oct-18,Q4,2018 Q4,一休数学,Enrichment Programs,数千万人民币,2000,2000,Seed/Angel,Seed/Angel
2018,Sep,Sep-18,Q3,2018 Q3,一呀汉语,Language Learning,300万人民币,300,300,Seed/Angel,Seed/Angel
2018,Oct,Oct-18,Q4,2018 Q4,一一英语,Language Learning,1200万元,1200,1200,Seed/Angel,Seed/Angel
2018,Apr,Apr-18,Q2,2018 Q2,医百科技,Vocational Edu.,1500,1500,1500,A,A
2017,Jun,Jun-17,Q2,2017 Q2,咿啦看书,Early Childhood Edu.,5000,5000,5000,A,A
2018,Jan,Jan-18,Q1,2018 Q1,咿啦看书,Early Childhood Edu.,4000,4000,4000,A+,A
2014,Mar,Mar-14,Q1,2014 Q1,壹枱智能钢琴,Enrichment Programs,200,200,200,Seed/Angel,Seed/Angel
2016,May,May-16,Q2,2016 Q2,壹医考,Vocational Edu.,900,900,900,Pre-A,Pre-A
2016,Dec,Dec-16,Q4,2016 Q4,壹医考,Vocational Edu.,2000,2000,2000,A,A
2018,Aug,Aug-18,Q3,2018 Q3,乂渠,K12,1300万人民币,1300,1300,Pre-A,Pre-A
2017,Nov,Nov-17,Q4,2017 Q4,艺朝艺夕,Enrichment Programs,16000,16000,16000,B,B
2017,Oct,Oct-17,Q4,2017 Q4,艺狗盒子,STEM,600,600,600,Seed/Angel,Seed/Angel
2018,Oct,Oct-18,Q4,2018 Q4,艺考查查,K12,1000万人民币,1000,1000,Seed/Angel,Seed/Angel
2017,Mar,Mar-17,Q1,2017 Q1,艺起来小音咖,Enrichment Programs,200,200,200,Pre-A,Pre-A
2017,Apr,Apr-17,Q2,2017 Q2,艺师汇,Enrichment Programs,200,200,200,Seed/Angel,Seed/Angel
2017,Apr,Apr-17,Q2,2017 Q2,艺学汇,Enrichment Programs,400,400,400,Seed/Angel,Seed/Angel
2015,Sep,Sep-15,Q3,2015 Q3,艺友网,Enrichment Programs,500,500,500,Seed/Angel,Seed/Angel
2016,Jul,Jul-16,Q3,2016 Q3,异乡好居,Study Abroad Services,5000,5000,5000,A,A
2016,Dec,Dec-16,Q4,2016 Q4,易方科教,STEM,2000,2000,2000,Pre-A,Pre-A
2015,May,May-15,Q2,2015 Q2,易观企业教育,Vocational Edu.,4000,4000,4000,A,A
2017,May,May-17,Q2,2017 Q2,易乐学车,Vocational Edu.,0,0,800,Seed/Angel,Seed/Angel
2015,Jan,Jan-15,Q1,2015 Q1,易题库,K12,2000,2000,2000,A,A
2018,Mar,Mar-18,Q1,2018 Q1,益起玩,Early Childhood Edu.,80,80,80,Seed/Angel,Seed/Angel
2018,May,May-18,Q2,2018 Q2,溢米辅导,K12,6500,6500,6500,B,B
2016,Apr,Apr-16,Q2,2016 Q2,翼鸥教育,SaaS & Informatization,3250,3250,3250,A,A
2017,Mar,Mar-17,Q1,2017 Q1,翼鸥教育,SaaS & Informatization,8000,8000,8000,A+,A
2016,Apr,Apr-16,Q2,2016 Q2,音乐e家,Enrichment Programs,500,500,500,Seed/Angel,Seed/Angel
2015,Aug,Aug-15,Q3,2015 Q3,音乐笔记-银河润泰,Enrichment Programs,200,200,200,Seed/Angel,Seed/Angel
2017,Oct,Oct-17,Q4,2017 Q4,音乐笔记-银河润泰,Enrichment Programs,2000,2000,2000,A,A
2017,Sep,Sep-17,Q3,2017 Q3,音乐而聚,Enrichment Programs,520,520,520,Seed/Angel,Seed/Angel
2017,May,May-17,Q2,2017 Q2,音熊音乐陪练机器人,Enrichment Programs,200,200,200,Seed/Angel,Seed/Angel
2016,Jul,Jul-16,Q3,2016 Q3,英晨国际,Enrichment Programs,300,300,300,Seed/Angel,Seed/Angel
2018,May,May-18,Q2,2018 Q2,英盼教育,Language Learning,200,200,200,Seed/Angel,Seed/Angel
2016,Apr,Apr-16,Q2,2016 Q2,英盛网,Vocational Edu.,1000,1000,1000,A,A
2018,Sep,Sep-18,Q3,2018 Q3,英托比亚,Language Learning,500万人民币,500,500,Seed/Angel,Seed/Angel
2014,Jun,Jun-14,Q2,2014 Q2,英语说,Language Learning,200,200,200,Seed/Angel,Seed/Angel
2018,Apr,Apr-18,Q2,2018 Q2,英语小神童,Language Learning,1300,1300,1300,Pre-A,Pre-A
2015,Jul,Jul-15,Q3,2015 Q3,樱桃老师,Early Childhood Edu.,0,0,800,Seed/Angel,Seed/Angel
2016,Apr,Apr-16,Q2,2016 Q2,鹦鹉螺,K12,2400,2400,2400,A,A
2017,Feb,Feb-17,Q1,2017 Q1,影享上大学,Higher Edu.,200,200,200,Seed/Angel,Seed/Angel
2018,Jun,Jun-18,Q2,2018 Q2,优贝乐,STEM,2000,2000,2000,Seed/Angel,Seed/Angel
2017,Jul,Jul-17,Q3,2017 Q3,优贝甜,Enrichment Programs,180,180,180,Seed/Angel,Seed/Angel
2018,Apr,Apr-18,Q2,2018 Q2,优才创智,Vocational Edu.,2000,2000,2000,B,B
2015,Nov,Nov-15,Q4,2015 Q4,优才学院,Vocational Edu.,2000,2000,2000,A,A
2017,Oct,Oct-17,Q4,2017 Q4,优读书院,K12,1000,1000,1000,Pre-A,Pre-A
2017,Jun,Jun-17,Q2,2017 Q2,优读学院,K12,0,0,6000,Undiscloused,Undiscloused
2016,Jun,Jun-16,Q2,2016 Q2,优儿学堂,Early Childhood Edu.,500万人民币,500,500,Seed/Angel,Seed/Angel
2016,Jun,Jun-16,Q2,2016 Q2,优儿学堂,Early Childhood Edu.,千万级人民币,1000,1000,Pre-A,Pre-A
2017,Oct,Oct-17,Q4,2017 Q4,优儿学堂,Early Childhood Edu.,数千万人民币,2000,2000,A,A
2018,Jul,Jul-18,Q3,2018 Q3,优儿学堂,Early Childhood Edu.,1.5亿人民币,15000,15000,A+,A
2015,Jul,Jul-15,Q3,2015 Q3,优思家教,K12,300,300,300,Seed/Angel,Seed/Angel
2014,Aug,Aug-14,Q3,2014 Q3,优择世通,Study Abroad Services,2000,2000,2000,A,A
2018,Jun,Jun-18,Q2,2018 Q2,优志愿,K12,1000,1000,1000,A+,A
2015,Mar,Mar-15,Q1,2015 Q1,悠游堂,Early Childhood Edu.,20000,20000,20000,Pre-IPO,Pre-IPO
2018,May,May-18,Q2,2018 Q2,游道篮球,Enrichment Programs,1500,1500,1500,Pre-A,Pre-A
2017,Nov,Nov-17,Q4,2017 Q4,游美国际,Study Abroad Services,1000,1000,1000,Pre-A,Pre-A
2015,Nov,Nov-15,Q4,2015 Q4,游子曰,Study Abroad Services,800,800,800,A,A
2016,Dec,Dec-16,Q4,2016 Q4,友邻优课,Language Learning,0,0,4000,A,A
2018,Apr,Apr-18,Q2,2018 Q2,有道翻译,Language Learning,0,0,5000,Strategic Investment,Strategic Investment
2018,Mar,Mar-18,Q1,2018 Q1,有度国际教育,Study Abroad Services,492,492,492,Seed/Angel,Seed/Angel
2015,Aug,Aug-15,Q3,2015 Q3,有师网,K12,200,200,200,A,A
2017,May,May-17,Q2,2017 Q2,有养传媒,Paid Knowledge,2000,2000,2000,Pre-A,Pre-A
2018,Mar,Mar-18,Q1,2018 Q1,有养传媒,Paid Knowledge,6000,6000,6000,A,A
2018,Jun,Jun-18,Q2,2018 Q2,又又国学堂,Enrichment Programs,200,200,200,Seed/Angel,Seed/Angel
2015,Aug,Aug-15,Q3,2015 Q3,幼儿邦,Early Childhood Edu.,200,200,200,Seed/Angel,Seed/Angel
2018,Jan,Jan-18,Q1,2018 Q1,幼发拉底教育,Early Childhood Edu.,200,200,200,Pre-A,Pre-A
2015,Sep,Sep-15,Q3,2015 Q3,幼师口袋,Early Childhood Edu.,200,200,200,Seed/Angel,Seed/Angel
2017,Jun,Jun-17,Q2,2017 Q2,幼师口袋,Early Childhood Edu.,2000,2000,2000,Undiscloused,Undiscloused
2015,Aug,Aug-15,Q3,2015 Q3,于斯课堂,Enrichment Programs,200,200,200,Seed/Angel,Seed/Angel
2018,Jun,Jun-18,Q2,2018 Q2,育星教育,Enrichment Programs,3311.45,3311.45,3311.45,A,A
2018,Feb,Feb-18,Q1,2018 Q1,育学园,Paid Knowledge,13000,13000,13000,C+,C
2018,May,May-18,Q2,2018 Q2,预言家,SaaS & Informatization,100,100,100,Seed/Angel,Seed/Angel
2014,Jan,Jan-14,Q1,2014 Q1,寓乐湾,STEM,数百万人民币,200,200,Seed/Angel,Seed/Angel
2014,Oct,Oct-14,Q4,2014 Q4,寓乐湾,STEM,数千万人民币,2000,2000,Pre-A,Pre-A
2015,Apr,Apr-15,Q2,2015 Q2,寓乐湾,STEM,数千万人民币,2000,2000,A,A
2016,Apr,Apr-16,Q2,2016 Q2,寓乐湾,STEM,数千万人民币,2000,2000,A+,A
2017,May,May-17,Q2,2017 Q2,寓乐湾,STEM,数千万人民币,2000,2000,B,B
2018,Jul,Jul-18,Q3,2018 Q3,寓乐湾,STEM,未透露,0,0,C,C
2018,Jan,Jan-18,Q1,2018 Q1,煜林教育,Enrichment Programs,0,0,4000,A,A
2018,Aug,Aug-18,Q3,2018 Q3,元高分,K12,数千万人民币,2000,2000,Pre-A,Pre-A
2014,Aug,Aug-14,Q3,2014 Q3,元子/千鱼教育,Early Childhood Edu.,1000,1000,1000,Seed/Angel,Seed/Angel
2018,Jan,Jan-18,Q1,2018 Q1,园钉,SaaS & Informatization,600万人民币,600,600,Seed/Angel,Seed/Angel
2018,Feb,Feb-18,Q1,2018 Q1,园钉,SaaS & Informatization,千万级人民币,1000,1000,Pre-A,Pre-A
2018,Jun,Jun-18,Q2,2018 Q2,园钉,SaaS & Informatization,千万级人民币,1000,1000,A,A
2018,Oct,Oct-18,Q4,2018 Q4,园钉,SaaS & Informatization,数千万人民币,2000,2000,A+,A
2018,Mar,Mar-18,Q1,2018 Q1,园小豆,SaaS & Informatization,200,200,200,Seed/Angel,Seed/Angel
2018,May,May-18,Q2,2018 Q2,原醉chic,Paid Knowledge,5000,5000,5000,B,B
2016,Feb,Feb-16,Q1,2016 Q1,远景同程,SaaS & Informatization,5000,5000,5000,A,A
2015,Jul,Jul-15,Q3,2015 Q3,约教,K12,500,500,500,Seed/Angel,Seed/Angel
2015,Jun,Jun-15,Q2,2015 Q2,悦宝园,Early Childhood Edu.,0,0,4000,A,A
2017,Jun,Jun-17,Q2,2017 Q2,云朵课堂,SaaS & Informatization,2000,2000,2000,A,A
2018,Apr,Apr-18,Q2,2018 Q2,云海螺英语,Language Learning,1500,1500,1500,Pre-A,Pre-A
2014,May,May-14,Q2,2014 Q2,云岭奇光,Early Childhood Edu.,0,0,800,Seed/Angel,Seed/Angel
2017,Jan,Jan-17,Q1,2017 Q1,云舒写,SaaS & Informatization,1000,1000,1000,A,A
2017,Sep,Sep-17,Q3,2017 Q3,云外教,Language Learning,1000,1000,1000,Seed/Angel,Seed/Angel
2014,Aug,Aug-14,Q3,2014 Q3,云学堂,others,8000万人民币,8000,8000,A,A
2017,Apr,Apr-17,Q2,2017 Q2,云学堂,others,2200万美元,14300,14300,B,B
2018,Jan,Jan-18,Q1,2018 Q1,云学堂,others,未披露,0,0,Strategic Investment,Strategic Investment
2018,Oct,Oct-18,Q4,2018 Q4,云学堂,others,5000万美元,32500,32500,C,C
2017,Apr,Apr-17,Q2,2017 Q2,云种养,Vocational Edu.,2000,2000,2000,Pre-A,Pre-A
2018,May,May-18,Q2,2018 Q2,运动宝贝,Early Childhood Edu.,20000,20000,20000,Strategic Investment,Strategic Investment
2017,Apr,Apr-17,Q2,2017 Q2,运营研究社,Vocational Edu.,100万人民币,100,100,Seed/Angel,Seed/Angel
2018,Oct,Oct-18,Q4,2018 Q4,运营研究社,Vocational Edu.,1050万人民币,1050,1050,Pre-A,Pre-A
2016,Jun,Jun-16,Q2,2016 Q2,在行（分答）,Paid Knowledge,16250,16250,16250,A,A
2016,Nov,Nov-16,Q4,2016 Q4,在行（分答）,Paid Knowledge,2000,2000,2000,A+,A
2015,Mar,Mar-15,Q1,2015 Q1,早道日语网校,Language Learning,0,0,800,Seed/Angel,Seed/Angel
2016,Apr,Apr-16,Q2,2016 Q2,早道网校,Language Learning,1500,1500,1500,A,A
2014,Mar,Mar-14,Q1,2014 Q1,展视互动,SaaS & Informatization,0,0,12000,B,B
2018,Feb,Feb-18,Q1,2018 Q1,站酷,Vocational Edu.,9750,9750,9750,B+,B
2018,Sep,Sep-18,Q3,2018 Q3,长投网,Vocational Edu.,1亿人民币,10000,10000,A,A
2016,Jun,Jun-16,Q2,2016 Q2,掌柜攻略,Vocational Edu.,1000,1000,1000,Pre-A,Pre-A
2017,Feb,Feb-17,Q1,2017 Q1,掌上大学,Higher Edu.,2000,2000,2000,Undiscloused,Undiscloused
2012,Nov,Nov-12,Q4,2012 Q4,掌通家园,Early Childhood Edu.,400万人民币,400,400,Seed/Angel,Seed/Angel
2013,May,May-13,Q2,2013 Q2,掌通家园,Early Childhood Edu.,3000万人民币,3000,3000,A,A
2015,Sep,Sep-15,Q3,2015 Q3,掌通家园,Early Childhood Edu.,1亿人民币,10000,10000,B,B
2016,Mar,Mar-16,Q1,2016 Q1,掌通家园,Early Childhood Edu.,1亿人民币,10000,10000,B+,B
2016,Nov,Nov-16,Q4,2016 Q4,掌通家园,Early Childhood Edu.,2亿人民币,20000,20000,C,C
2018,Jul,Jul-18,Q3,2018 Q3,掌通家园,Early Childhood Edu.,数亿人民币,20000,20000,C+,C
2017,Jun,Jun-17,Q2,2017 Q2,找辅导,K12,200,200,200,Seed/Angel,Seed/Angel
2014,Feb,Feb-14,Q1,2014 Q1,真朴教育,Enrichment Programs,6500,6500,6500,A,A
2016,Jul,Jul-16,Q3,2016 Q3,真学文化,Enrichment Programs,600,600,600,Seed/Angel,Seed/Angel
2018,May,May-18,Q2,2018 Q2,证凯教育,Vocational Edu.,200,200,200,Seed/Angel,Seed/Angel
2018,Apr,Apr-18,Q2,2018 Q2,知行晓政,Vocational Edu.,100,100,100,Seed/Angel,Seed/Angel
2015,May,May-15,Q2,2015 Q2,知米英语,Language Learning,1274,1274,1274,Pre-A,Pre-A
2016,May,May-16,Q2,2016 Q2,知鸟游学,Study Abroad Services,2000,2000,2000,A,A
2017,Feb,Feb-17,Q1,2017 Q1,知鸟游学,Study Abroad Services,2000,2000,2000,Undiscloused,Undiscloused
2018,Jun,Jun-18,Q2,2018 Q2,知识圈,Paid Knowledge,1000,1000,1000,Pre-A,Pre-A
2016,Jul,Jul-16,Q3,2016 Q3,知子花,Paid Knowledge,1500,1500,1500,Pre-A,Pre-A
2017,Sep,Sep-17,Q3,2017 Q3,职行力,Vocational Edu.,2000,2000,2000,A,A
2016,Oct,Oct-16,Q4,2016 Q4,职派,Higher Edu.,200,200,200,Seed/Angel,Seed/Angel
2015,Aug,Aug-15,Q3,2015 Q3,职学帮,K12,200,200,200,Seed/Angel,Seed/Angel
2014,Dec,Dec-14,Q4,2014 Q4,职业梦,Vocational Edu.,1300,1300,1300,A,A
2016,Jul,Jul-16,Q3,2016 Q3,职业蛙,Vocational Edu.,1200,1200,1200,A,A
2017,May,May-17,Q2,2017 Q2,职业蛙,Vocational Edu.,2000,2000,2000,B,B
2018,Mar,Mar-18,Q1,2018 Q1,职优你,Vocational Edu.,0,0,30000,C,C
2016,Jan,Jan-16,Q1,2016 Q1,致优教育,K12,6000,6000,6000,A,A
2018,May,May-18,Q2,2018 Q2,智豆,Vocational Edu.,2000,2000,2000,Seed/Angel,Seed/Angel
2015,Aug,Aug-15,Q3,2015 Q3,智慧流,K12,20,20,20,Seed/Angel,Seed/Angel
2018,Feb,Feb-18,Q1,2018 Q1,智慧喵,STEM,200,200,200,Seed/Angel,Seed/Angel
2014,Sep,Sep-14,Q3,2014 Q3,智慧树,Early Childhood Edu.,1500万人民币,1500,1500,A,A
2015,Nov,Nov-15,Q4,2015 Q4,智慧树,Early Childhood Edu.,1亿人民币,10000,10000,B,B
2016,Oct,Oct-16,Q4,2016 Q4,智慧树,Early Childhood Edu.,1.95亿人民币,19500,19500,Strategic Investment,Strategic Investment
2017,Jun,Jun-17,Q2,2017 Q2,智慧树,Early Childhood Edu.,1.5亿人民币,15000,15000,Strategic Investment,Strategic Investment
2018,Feb,Feb-18,Q1,2018 Q1,智慧树,Early Childhood Edu.,7亿人民币,70000,70000,Strategic Investment,Strategic Investment
2018,Sep,Sep-18,Q3,2018 Q3,智慧树,Early Childhood Edu.,2.22亿人民币,22200,22200,Strategic Investment,Strategic Investment
2014,Aug,Aug-14,Q3,2014 Q3,智课网,Language Learning,6890,6890,6890,A,A
2018,Mar,Mar-18,Q1,2018 Q1,智童时光,Early Childhood Edu.,0,0,4000,A,A
2015,Jun,Jun-15,Q2,2015 Q2,智园控股-创课Tronclass,Higher Edu.,2218,2218,2218,A,A
2015,Aug,Aug-15,Q3,2015 Q3,智园控股-创课Tronclass,Higher Edu.,2218,2218,2218,B,B
2018,Jul,Jul-18,Q3,2018 Q3,智云时代信息,SaaS & Informatization,300万,300,300,Seed/Angel,Seed/Angel
2018,Apr,Apr-18,Q2,2018 Q2,中公教育,Vocational Edu.,300,300,300,Seed/Angel,Seed/Angel
2016,May,May-16,Q2,2016 Q2,中国教育在线,Paid Knowledge,3840,3840,3840,A,A
2015,Jun,Jun-15,Q2,2015 Q2,卓识成就,Enrichment Programs,3185,3185,3185,Seed/Angel,Seed/Angel
2014,Apr,Apr-14,Q2,2014 Q2,啄木鸟教育,Study Abroad Services,2500,2500,2500,A,A
2015,Sep,Sep-15,Q3,2015 Q3,啄木鸟教育,Study Abroad Services,12740,12740,12740,Strategic Investment,Strategic Investment
2014,Oct,Oct-14,Q4,2014 Q4,自化创意,Vocational Edu.,1300,1300,1300,Seed/Angel,Seed/Angel
2017,Jul,Jul-17,Q3,2017 Q3,棕榈大道,Study Abroad Services,1360,1360,1360,A,A
2016,May,May-16,Q2,2016 Q2,最库教育,K12,1000,1000,1000,Pre-A,Pre-A
2018,May,May-18,Q2,2018 Q2,作文纸条,K12,1300,1300,1300,Seed/Angel,Seed/Angel